loan_id,Customer_ID,loan_start_date,tenure,installment_num,loan_amt,due_amt,paid_amt,overdue_amt,balance,snapshot_date,normalized_snapshot_date,bronze_ingestion_timestamp,bronze_source_file,bronze_processing_date
CUS_0x1037_2023_01_01,CUS_0x1037,1/1/2023,10,0,10000,0,0,0,10000,1/1/2023,2023-01-01,2025-10-05 04:41:23.547224,data/lms_loan_daily.csv,2023-01-01
CUS_0x1069_2023_01_01,CUS_0x1069,1/1/2023,10,0,10000,0,0,0,10000,1/1/2023,2023-01-01,2025-10-05 04:41:23.547224,data/lms_loan_daily.csv,2023-01-01
CUS_0x114a_2023_01_01,CUS_0x114a,1/1/2023,10,0,10000,0,0,0,10000,1/1/2023,2023-01-01,2025-10-05 04:41:23.547224,data/lms_loan_daily.csv,2023-01-01
CUS_0x1184_2023_01_01,CUS_0x1184,1/1/2023,10,0,10000,0,0,0,10000,1/1/2023,2023-01-01,2025-10-05 04:41:23.547224,data/lms_loan_daily.csv,2023-01-01
CUS_0x1297_2023_01_01,CUS_0x1297,1/1/2023,10,0,10000,0,0,0,10000,1/1/2023,2023-01-01,2025-10-05 04:41:23.547224,data/lms_loan_daily.csv,2023-01-01
CUS_0x12fb_2023_01_01,CUS_0x12fb,1/1/2023,10,0,10000,0,0,0,10000,1/1/2023,2023-01-01,2025-10-05 04:41:23.547224,data/lms_loan_daily.csv,2023-01-01
CUS_0x1325_2023_01_01,CUS_0x1325,1/1/2023,10,0,10000,0,0,0,10000,1/1/2023,2023-01-01,2025-10-05 04:41:23.547224,data/lms_loan_daily.csv,2023-01-01
CUS_0x1341_2023_01_01,CUS_0x1341,1/1/2023,10,0,10000,0,0,0,10000,1/1/2023,2023-01-01,2025-10-05 04:41:23.547224,data/lms_loan_daily.csv,2023-01-01
CUS_0x1375_2023_01_01,CUS_0x1375,1/1/2023,10,0,10000,0,0,0,10000,1/1/2023,2023-01-01,2025-10-05 04:41:23.547224,data/lms_loan_daily.csv,2023-01-01
CUS_0x13a8_2023_01_01,CUS_0x13a8,1/1/2023,10,0,10000,0,0,0,10000,1/1/2023,2023-01-01,2025-10-05 04:41:23.547224,data/lms_loan_daily.csv,2023-01-01
CUS_0x13ef_2023_01_01,CUS_0x13ef,1/1/2023,10,0,10000,0,0,0,10000,1/1/2023,2023-01-01,2025-10-05 04:41:23.547224,data/lms_loan_daily.csv,2023-01-01
CUS_0x1440_2023_01_01,CUS_0x1440,1/1/2023,10,0,10000,0,0,0,10000,1/1/2023,2023-01-01,2025-10-05 04:41:23.547224,data/lms_loan_daily.csv,2023-01-01
CUS_0x1443_2023_01_01,CUS_0x1443,1/1/2023,10,0,10000,0,0,0,10000,1/1/2023,2023-01-01,2025-10-05 04:41:23.547224,data/lms_loan_daily.csv,2023-01-01
CUS_0x145a_2023_01_01,CUS_0x145a,1/1/2023,10,0,10000,0,0,0,10000,1/1/2023,2023-01-01,2025-10-05 04:41:23.547224,data/lms_loan_daily.csv,2023-01-01
CUS_0x1492_2023_01_01,CUS_0x1492,1/1/2023,10,0,10000,0,0,0,10000,1/1/2023,2023-01-01,2025-10-05 04:41:23.547224,data/lms_loan_daily.csv,2023-01-01
CUS_0x153d_2023_01_01,CUS_0x153d,1/1/2023,10,0,10000,0,0,0,10000,1/1/2023,2023-01-01,2025-10-05 04:41:23.547224,data/lms_loan_daily.csv,2023-01-01
CUS_0x1567_2023_01_01,CUS_0x1567,1/1/2023,10,0,10000,0,0,0,10000,1/1/2023,2023-01-01,2025-10-05 04:41:23.547224,data/lms_loan_daily.csv,2023-01-01
CUS_0x15ad_2023_01_01,CUS_0x15ad,1/1/2023,10,0,10000,0,0,0,10000,1/1/2023,2023-01-01,2025-10-05 04:41:23.547224,data/lms_loan_daily.csv,2023-01-01
CUS_0x1630_2023_01_01,CUS_0x1630,1/1/2023,10,0,10000,0,0,0,10000,1/1/2023,2023-01-01,2025-10-05 04:41:23.547224,data/lms_loan_daily.csv,2023-01-01
CUS_0x169c_2023_01_01,CUS_0x169c,1/1/2023,10,0,10000,0,0,0,10000,1/1/2023,2023-01-01,2025-10-05 04:41:23.547224,data/lms_loan_daily.csv,2023-01-01
CUS_0x169d_2023_01_01,CUS_0x169d,1/1/2023,10,0,10000,0,0,0,10000,1/1/2023,2023-01-01,2025-10-05 04:41:23.547224,data/lms_loan_daily.csv,2023-01-01
CUS_0x16f4_2023_01_01,CUS_0x16f4,1/1/2023,10,0,10000,0,0,0,10000,1/1/2023,2023-01-01,2025-10-05 04:41:23.547224,data/lms_loan_daily.csv,2023-01-01
CUS_0x1733_2023_01_01,CUS_0x1733,1/1/2023,10,0,10000,0,0,0,10000,1/1/2023,2023-01-01,2025-10-05 04:41:23.547224,data/lms_loan_daily.csv,2023-01-01
CUS_0x17c7_2023_01_01,CUS_0x17c7,1/1/2023,10,0,10000,0,0,0,10000,1/1/2023,2023-01-01,2025-10-05 04:41:23.547224,data/lms_loan_daily.csv,2023-01-01
CUS_0x181e_2023_01_01,CUS_0x181e,1/1/2023,10,0,10000,0,0,0,10000,1/1/2023,2023-01-01,2025-10-05 04:41:23.547224,data/lms_loan_daily.csv,2023-01-01
CUS_0x181f_2023_01_01,CUS_0x181f,1/1/2023,10,0,10000,0,0,0,10000,1/1/2023,2023-01-01,2025-10-05 04:41:23.547224,data/lms_loan_daily.csv,2023-01-01
CUS_0x182b_2023_01_01,CUS_0x182b,1/1/2023,10,0,10000,0,0,0,10000,1/1/2023,2023-01-01,2025-10-05 04:41:23.547224,data/lms_loan_daily.csv,2023-01-01
CUS_0x18c9_2023_01_01,CUS_0x18c9,1/1/2023,10,0,10000,0,0,0,10000,1/1/2023,2023-01-01,2025-10-05 04:41:23.547224,data/lms_loan_daily.csv,2023-01-01
CUS_0x190e_2023_01_01,CUS_0x190e,1/1/2023,10,0,10000,0,0,0,10000,1/1/2023,2023-01-01,2025-10-05 04:41:23.547224,data/lms_loan_daily.csv,2023-01-01
CUS_0x1920_2023_01_01,CUS_0x1920,1/1/2023,10,0,10000,0,0,0,10000,1/1/2023,2023-01-01,2025-10-05 04:41:23.547224,data/lms_loan_daily.csv,2023-01-01
CUS_0x1960_2023_01_01,CUS_0x1960,1/1/2023,10,0,10000,0,0,0,10000,1/1/2023,2023-01-01,2025-10-05 04:41:23.547224,data/lms_loan_daily.csv,2023-01-01
CUS_0x19ad_2023_01_01,CUS_0x19ad,1/1/2023,10,0,10000,0,0,0,10000,1/1/2023,2023-01-01,2025-10-05 04:41:23.547224,data/lms_loan_daily.csv,2023-01-01
CUS_0x19d1_2023_01_01,CUS_0x19d1,1/1/2023,10,0,10000,0,0,0,10000,1/1/2023,2023-01-01,2025-10-05 04:41:23.547224,data/lms_loan_daily.csv,2023-01-01
CUS_0x19e1_2023_01_01,CUS_0x19e1,1/1/2023,10,0,10000,0,0,0,10000,1/1/2023,2023-01-01,2025-10-05 04:41:23.547224,data/lms_loan_daily.csv,2023-01-01
CUS_0x1a9c_2023_01_01,CUS_0x1a9c,1/1/2023,10,0,10000,0,0,0,10000,1/1/2023,2023-01-01,2025-10-05 04:41:23.547224,data/lms_loan_daily.csv,2023-01-01
CUS_0x1ab3_2023_01_01,CUS_0x1ab3,1/1/2023,10,0,10000,0,0,0,10000,1/1/2023,2023-01-01,2025-10-05 04:41:23.547224,data/lms_loan_daily.csv,2023-01-01
CUS_0x1b42_2023_01_01,CUS_0x1b42,1/1/2023,10,0,10000,0,0,0,10000,1/1/2023,2023-01-01,2025-10-05 04:41:23.547224,data/lms_loan_daily.csv,2023-01-01
CUS_0x1b66_2023_01_01,CUS_0x1b66,1/1/2023,10,0,10000,0,0,0,10000,1/1/2023,2023-01-01,2025-10-05 04:41:23.547224,data/lms_loan_daily.csv,2023-01-01
CUS_0x1bc4_2023_01_01,CUS_0x1bc4,1/1/2023,10,0,10000,0,0,0,10000,1/1/2023,2023-01-01,2025-10-05 04:41:23.547224,data/lms_loan_daily.csv,2023-01-01
CUS_0x1c09_2023_01_01,CUS_0x1c09,1/1/2023,10,0,10000,0,0,0,10000,1/1/2023,2023-01-01,2025-10-05 04:41:23.547224,data/lms_loan_daily.csv,2023-01-01
CUS_0x1c39_2023_01_01,CUS_0x1c39,1/1/2023,10,0,10000,0,0,0,10000,1/1/2023,2023-01-01,2025-10-05 04:41:23.547224,data/lms_loan_daily.csv,2023-01-01
CUS_0x1c9c_2023_01_01,CUS_0x1c9c,1/1/2023,10,0,10000,0,0,0,10000,1/1/2023,2023-01-01,2025-10-05 04:41:23.547224,data/lms_loan_daily.csv,2023-01-01
CUS_0x1dcf_2023_01_01,CUS_0x1dcf,1/1/2023,10,0,10000,0,0,0,10000,1/1/2023,2023-01-01,2025-10-05 04:41:23.547224,data/lms_loan_daily.csv,2023-01-01
CUS_0x1ef5_2023_01_01,CUS_0x1ef5,1/1/2023,10,0,10000,0,0,0,10000,1/1/2023,2023-01-01,2025-10-05 04:41:23.547224,data/lms_loan_daily.csv,2023-01-01
CUS_0x1ff5_2023_01_01,CUS_0x1ff5,1/1/2023,10,0,10000,0,0,0,10000,1/1/2023,2023-01-01,2025-10-05 04:41:23.547224,data/lms_loan_daily.csv,2023-01-01
CUS_0x1ff7_2023_01_01,CUS_0x1ff7,1/1/2023,10,0,10000,0,0,0,10000,1/1/2023,2023-01-01,2025-10-05 04:41:23.547224,data/lms_loan_daily.csv,2023-01-01
CUS_0x205c_2023_01_01,CUS_0x205c,1/1/2023,10,0,10000,0,0,0,10000,1/1/2023,2023-01-01,2025-10-05 04:41:23.547224,data/lms_loan_daily.csv,2023-01-01
CUS_0x210f_2023_01_01,CUS_0x210f,1/1/2023,10,0,10000,0,0,0,10000,1/1/2023,2023-01-01,2025-10-05 04:41:23.547224,data/lms_loan_daily.csv,2023-01-01
CUS_0x21dc_2023_01_01,CUS_0x21dc,1/1/2023,10,0,10000,0,0,0,10000,1/1/2023,2023-01-01,2025-10-05 04:41:23.547224,data/lms_loan_daily.csv,2023-01-01
CUS_0x2274_2023_01_01,CUS_0x2274,1/1/2023,10,0,10000,0,0,0,10000,1/1/2023,2023-01-01,2025-10-05 04:41:23.547224,data/lms_loan_daily.csv,2023-01-01
CUS_0x2297_2023_01_01,CUS_0x2297,1/1/2023,10,0,10000,0,0,0,10000,1/1/2023,2023-01-01,2025-10-05 04:41:23.547224,data/lms_loan_daily.csv,2023-01-01
CUS_0x2375_2023_01_01,CUS_0x2375,1/1/2023,10,0,10000,0,0,0,10000,1/1/2023,2023-01-01,2025-10-05 04:41:23.547224,data/lms_loan_daily.csv,2023-01-01
CUS_0x24a8_2023_01_01,CUS_0x24a8,1/1/2023,10,0,10000,0,0,0,10000,1/1/2023,2023-01-01,2025-10-05 04:41:23.547224,data/lms_loan_daily.csv,2023-01-01
CUS_0x24c3_2023_01_01,CUS_0x24c3,1/1/2023,10,0,10000,0,0,0,10000,1/1/2023,2023-01-01,2025-10-05 04:41:23.547224,data/lms_loan_daily.csv,2023-01-01
CUS_0x24e1_2023_01_01,CUS_0x24e1,1/1/2023,10,0,10000,0,0,0,10000,1/1/2023,2023-01-01,2025-10-05 04:41:23.547224,data/lms_loan_daily.csv,2023-01-01
CUS_0x2513_2023_01_01,CUS_0x2513,1/1/2023,10,0,10000,0,0,0,10000,1/1/2023,2023-01-01,2025-10-05 04:41:23.547224,data/lms_loan_daily.csv,2023-01-01
CUS_0x2552_2023_01_01,CUS_0x2552,1/1/2023,10,0,10000,0,0,0,10000,1/1/2023,2023-01-01,2025-10-05 04:41:23.547224,data/lms_loan_daily.csv,2023-01-01
CUS_0x255d_2023_01_01,CUS_0x255d,1/1/2023,10,0,10000,0,0,0,10000,1/1/2023,2023-01-01,2025-10-05 04:41:23.547224,data/lms_loan_daily.csv,2023-01-01
CUS_0x2598_2023_01_01,CUS_0x2598,1/1/2023,10,0,10000,0,0,0,10000,1/1/2023,2023-01-01,2025-10-05 04:41:23.547224,data/lms_loan_daily.csv,2023-01-01
CUS_0x25cc_2023_01_01,CUS_0x25cc,1/1/2023,10,0,10000,0,0,0,10000,1/1/2023,2023-01-01,2025-10-05 04:41:23.547224,data/lms_loan_daily.csv,2023-01-01
CUS_0x26da_2023_01_01,CUS_0x26da,1/1/2023,10,0,10000,0,0,0,10000,1/1/2023,2023-01-01,2025-10-05 04:41:23.547224,data/lms_loan_daily.csv,2023-01-01
CUS_0x284a_2023_01_01,CUS_0x284a,1/1/2023,10,0,10000,0,0,0,10000,1/1/2023,2023-01-01,2025-10-05 04:41:23.547224,data/lms_loan_daily.csv,2023-01-01
CUS_0x289e_2023_01_01,CUS_0x289e,1/1/2023,10,0,10000,0,0,0,10000,1/1/2023,2023-01-01,2025-10-05 04:41:23.547224,data/lms_loan_daily.csv,2023-01-01
CUS_0x292d_2023_01_01,CUS_0x292d,1/1/2023,10,0,10000,0,0,0,10000,1/1/2023,2023-01-01,2025-10-05 04:41:23.547224,data/lms_loan_daily.csv,2023-01-01
CUS_0x29b1_2023_01_01,CUS_0x29b1,1/1/2023,10,0,10000,0,0,0,10000,1/1/2023,2023-01-01,2025-10-05 04:41:23.547224,data/lms_loan_daily.csv,2023-01-01
CUS_0x2a55_2023_01_01,CUS_0x2a55,1/1/2023,10,0,10000,0,0,0,10000,1/1/2023,2023-01-01,2025-10-05 04:41:23.547224,data/lms_loan_daily.csv,2023-01-01
CUS_0x2a7d_2023_01_01,CUS_0x2a7d,1/1/2023,10,0,10000,0,0,0,10000,1/1/2023,2023-01-01,2025-10-05 04:41:23.547224,data/lms_loan_daily.csv,2023-01-01
CUS_0x2abc_2023_01_01,CUS_0x2abc,1/1/2023,10,0,10000,0,0,0,10000,1/1/2023,2023-01-01,2025-10-05 04:41:23.547224,data/lms_loan_daily.csv,2023-01-01
CUS_0x2ad2_2023_01_01,CUS_0x2ad2,1/1/2023,10,0,10000,0,0,0,10000,1/1/2023,2023-01-01,2025-10-05 04:41:23.547224,data/lms_loan_daily.csv,2023-01-01
CUS_0x2b2d_2023_01_01,CUS_0x2b2d,1/1/2023,10,0,10000,0,0,0,10000,1/1/2023,2023-01-01,2025-10-05 04:41:23.547224,data/lms_loan_daily.csv,2023-01-01
CUS_0x2b83_2023_01_01,CUS_0x2b83,1/1/2023,10,0,10000,0,0,0,10000,1/1/2023,2023-01-01,2025-10-05 04:41:23.547224,data/lms_loan_daily.csv,2023-01-01
CUS_0x2baf_2023_01_01,CUS_0x2baf,1/1/2023,10,0,10000,0,0,0,10000,1/1/2023,2023-01-01,2025-10-05 04:41:23.547224,data/lms_loan_daily.csv,2023-01-01
CUS_0x2bf6_2023_01_01,CUS_0x2bf6,1/1/2023,10,0,10000,0,0,0,10000,1/1/2023,2023-01-01,2025-10-05 04:41:23.547224,data/lms_loan_daily.csv,2023-01-01
CUS_0x2bfa_2023_01_01,CUS_0x2bfa,1/1/2023,10,0,10000,0,0,0,10000,1/1/2023,2023-01-01,2025-10-05 04:41:23.547224,data/lms_loan_daily.csv,2023-01-01
CUS_0x2cae_2023_01_01,CUS_0x2cae,1/1/2023,10,0,10000,0,0,0,10000,1/1/2023,2023-01-01,2025-10-05 04:41:23.547224,data/lms_loan_daily.csv,2023-01-01
CUS_0x2ccc_2023_01_01,CUS_0x2ccc,1/1/2023,10,0,10000,0,0,0,10000,1/1/2023,2023-01-01,2025-10-05 04:41:23.547224,data/lms_loan_daily.csv,2023-01-01
CUS_0x2de0_2023_01_01,CUS_0x2de0,1/1/2023,10,0,10000,0,0,0,10000,1/1/2023,2023-01-01,2025-10-05 04:41:23.547224,data/lms_loan_daily.csv,2023-01-01
CUS_0x2e06_2023_01_01,CUS_0x2e06,1/1/2023,10,0,10000,0,0,0,10000,1/1/2023,2023-01-01,2025-10-05 04:41:23.547224,data/lms_loan_daily.csv,2023-01-01
CUS_0x2e20_2023_01_01,CUS_0x2e20,1/1/2023,10,0,10000,0,0,0,10000,1/1/2023,2023-01-01,2025-10-05 04:41:23.547224,data/lms_loan_daily.csv,2023-01-01
CUS_0x2ea8_2023_01_01,CUS_0x2ea8,1/1/2023,10,0,10000,0,0,0,10000,1/1/2023,2023-01-01,2025-10-05 04:41:23.547224,data/lms_loan_daily.csv,2023-01-01
CUS_0x2f1d_2023_01_01,CUS_0x2f1d,1/1/2023,10,0,10000,0,0,0,10000,1/1/2023,2023-01-01,2025-10-05 04:41:23.547224,data/lms_loan_daily.csv,2023-01-01
CUS_0x2fab_2023_01_01,CUS_0x2fab,1/1/2023,10,0,10000,0,0,0,10000,1/1/2023,2023-01-01,2025-10-05 04:41:23.547224,data/lms_loan_daily.csv,2023-01-01
CUS_0x2fd6_2023_01_01,CUS_0x2fd6,1/1/2023,10,0,10000,0,0,0,10000,1/1/2023,2023-01-01,2025-10-05 04:41:23.547224,data/lms_loan_daily.csv,2023-01-01
CUS_0x30f8_2023_01_01,CUS_0x30f8,1/1/2023,10,0,10000,0,0,0,10000,1/1/2023,2023-01-01,2025-10-05 04:41:23.547224,data/lms_loan_daily.csv,2023-01-01
CUS_0x31e9_2023_01_01,CUS_0x31e9,1/1/2023,10,0,10000,0,0,0,10000,1/1/2023,2023-01-01,2025-10-05 04:41:23.547224,data/lms_loan_daily.csv,2023-01-01
CUS_0x321f_2023_01_01,CUS_0x321f,1/1/2023,10,0,10000,0,0,0,10000,1/1/2023,2023-01-01,2025-10-05 04:41:23.547224,data/lms_loan_daily.csv,2023-01-01
CUS_0x3231_2023_01_01,CUS_0x3231,1/1/2023,10,0,10000,0,0,0,10000,1/1/2023,2023-01-01,2025-10-05 04:41:23.547224,data/lms_loan_daily.csv,2023-01-01
CUS_0x325f_2023_01_01,CUS_0x325f,1/1/2023,10,0,10000,0,0,0,10000,1/1/2023,2023-01-01,2025-10-05 04:41:23.547224,data/lms_loan_daily.csv,2023-01-01
CUS_0x3274_2023_01_01,CUS_0x3274,1/1/2023,10,0,10000,0,0,0,10000,1/1/2023,2023-01-01,2025-10-05 04:41:23.547224,data/lms_loan_daily.csv,2023-01-01
CUS_0x328b_2023_01_01,CUS_0x328b,1/1/2023,10,0,10000,0,0,0,10000,1/1/2023,2023-01-01,2025-10-05 04:41:23.547224,data/lms_loan_daily.csv,2023-01-01
CUS_0x3379_2023_01_01,CUS_0x3379,1/1/2023,10,0,10000,0,0,0,10000,1/1/2023,2023-01-01,2025-10-05 04:41:23.547224,data/lms_loan_daily.csv,2023-01-01
CUS_0x3433_2023_01_01,CUS_0x3433,1/1/2023,10,0,10000,0,0,0,10000,1/1/2023,2023-01-01,2025-10-05 04:41:23.547224,data/lms_loan_daily.csv,2023-01-01
CUS_0x344e_2023_01_01,CUS_0x344e,1/1/2023,10,0,10000,0,0,0,10000,1/1/2023,2023-01-01,2025-10-05 04:41:23.547224,data/lms_loan_daily.csv,2023-01-01
CUS_0x3490_2023_01_01,CUS_0x3490,1/1/2023,10,0,10000,0,0,0,10000,1/1/2023,2023-01-01,2025-10-05 04:41:23.547224,data/lms_loan_daily.csv,2023-01-01
CUS_0x34fa_2023_01_01,CUS_0x34fa,1/1/2023,10,0,10000,0,0,0,10000,1/1/2023,2023-01-01,2025-10-05 04:41:23.547224,data/lms_loan_daily.csv,2023-01-01
CUS_0x3539_2023_01_01,CUS_0x3539,1/1/2023,10,0,10000,0,0,0,10000,1/1/2023,2023-01-01,2025-10-05 04:41:23.547224,data/lms_loan_daily.csv,2023-01-01
CUS_0x354b_2023_01_01,CUS_0x354b,1/1/2023,10,0,10000,0,0,0,10000,1/1/2023,2023-01-01,2025-10-05 04:41:23.547224,data/lms_loan_daily.csv,2023-01-01
CUS_0x355f_2023_01_01,CUS_0x355f,1/1/2023,10,0,10000,0,0,0,10000,1/1/2023,2023-01-01,2025-10-05 04:41:23.547224,data/lms_loan_daily.csv,2023-01-01
CUS_0x356c_2023_01_01,CUS_0x356c,1/1/2023,10,0,10000,0,0,0,10000,1/1/2023,2023-01-01,2025-10-05 04:41:23.547224,data/lms_loan_daily.csv,2023-01-01
CUS_0x3643_2023_01_01,CUS_0x3643,1/1/2023,10,0,10000,0,0,0,10000,1/1/2023,2023-01-01,2025-10-05 04:41:23.547224,data/lms_loan_daily.csv,2023-01-01
CUS_0x36b3_2023_01_01,CUS_0x36b3,1/1/2023,10,0,10000,0,0,0,10000,1/1/2023,2023-01-01,2025-10-05 04:41:23.547224,data/lms_loan_daily.csv,2023-01-01
CUS_0x36f7_2023_01_01,CUS_0x36f7,1/1/2023,10,0,10000,0,0,0,10000,1/1/2023,2023-01-01,2025-10-05 04:41:23.547224,data/lms_loan_daily.csv,2023-01-01
CUS_0x3733_2023_01_01,CUS_0x3733,1/1/2023,10,0,10000,0,0,0,10000,1/1/2023,2023-01-01,2025-10-05 04:41:23.547224,data/lms_loan_daily.csv,2023-01-01
CUS_0x37a1_2023_01_01,CUS_0x37a1,1/1/2023,10,0,10000,0,0,0,10000,1/1/2023,2023-01-01,2025-10-05 04:41:23.547224,data/lms_loan_daily.csv,2023-01-01
CUS_0x37b2_2023_01_01,CUS_0x37b2,1/1/2023,10,0,10000,0,0,0,10000,1/1/2023,2023-01-01,2025-10-05 04:41:23.547224,data/lms_loan_daily.csv,2023-01-01
CUS_0x383d_2023_01_01,CUS_0x383d,1/1/2023,10,0,10000,0,0,0,10000,1/1/2023,2023-01-01,2025-10-05 04:41:23.547224,data/lms_loan_daily.csv,2023-01-01
CUS_0x3873_2023_01_01,CUS_0x3873,1/1/2023,10,0,10000,0,0,0,10000,1/1/2023,2023-01-01,2025-10-05 04:41:23.547224,data/lms_loan_daily.csv,2023-01-01
CUS_0x3906_2023_01_01,CUS_0x3906,1/1/2023,10,0,10000,0,0,0,10000,1/1/2023,2023-01-01,2025-10-05 04:41:23.547224,data/lms_loan_daily.csv,2023-01-01
CUS_0x3928_2023_01_01,CUS_0x3928,1/1/2023,10,0,10000,0,0,0,10000,1/1/2023,2023-01-01,2025-10-05 04:41:23.547224,data/lms_loan_daily.csv,2023-01-01
CUS_0x397b_2023_01_01,CUS_0x397b,1/1/2023,10,0,10000,0,0,0,10000,1/1/2023,2023-01-01,2025-10-05 04:41:23.547224,data/lms_loan_daily.csv,2023-01-01
CUS_0x3a03_2023_01_01,CUS_0x3a03,1/1/2023,10,0,10000,0,0,0,10000,1/1/2023,2023-01-01,2025-10-05 04:41:23.547224,data/lms_loan_daily.csv,2023-01-01
CUS_0x3a3d_2023_01_01,CUS_0x3a3d,1/1/2023,10,0,10000,0,0,0,10000,1/1/2023,2023-01-01,2025-10-05 04:41:23.547224,data/lms_loan_daily.csv,2023-01-01
CUS_0x3a69_2023_01_01,CUS_0x3a69,1/1/2023,10,0,10000,0,0,0,10000,1/1/2023,2023-01-01,2025-10-05 04:41:23.547224,data/lms_loan_daily.csv,2023-01-01
CUS_0x3a82_2023_01_01,CUS_0x3a82,1/1/2023,10,0,10000,0,0,0,10000,1/1/2023,2023-01-01,2025-10-05 04:41:23.547224,data/lms_loan_daily.csv,2023-01-01
CUS_0x3acc_2023_01_01,CUS_0x3acc,1/1/2023,10,0,10000,0,0,0,10000,1/1/2023,2023-01-01,2025-10-05 04:41:23.547224,data/lms_loan_daily.csv,2023-01-01
CUS_0x3adc_2023_01_01,CUS_0x3adc,1/1/2023,10,0,10000,0,0,0,10000,1/1/2023,2023-01-01,2025-10-05 04:41:23.547224,data/lms_loan_daily.csv,2023-01-01
CUS_0x3af5_2023_01_01,CUS_0x3af5,1/1/2023,10,0,10000,0,0,0,10000,1/1/2023,2023-01-01,2025-10-05 04:41:23.547224,data/lms_loan_daily.csv,2023-01-01
CUS_0x3b10_2023_01_01,CUS_0x3b10,1/1/2023,10,0,10000,0,0,0,10000,1/1/2023,2023-01-01,2025-10-05 04:41:23.547224,data/lms_loan_daily.csv,2023-01-01
CUS_0x3b22_2023_01_01,CUS_0x3b22,1/1/2023,10,0,10000,0,0,0,10000,1/1/2023,2023-01-01,2025-10-05 04:41:23.547224,data/lms_loan_daily.csv,2023-01-01
CUS_0x3b2a_2023_01_01,CUS_0x3b2a,1/1/2023,10,0,10000,0,0,0,10000,1/1/2023,2023-01-01,2025-10-05 04:41:23.547224,data/lms_loan_daily.csv,2023-01-01
CUS_0x3b6e_2023_01_01,CUS_0x3b6e,1/1/2023,10,0,10000,0,0,0,10000,1/1/2023,2023-01-01,2025-10-05 04:41:23.547224,data/lms_loan_daily.csv,2023-01-01
CUS_0x3bc3_2023_01_01,CUS_0x3bc3,1/1/2023,10,0,10000,0,0,0,10000,1/1/2023,2023-01-01,2025-10-05 04:41:23.547224,data/lms_loan_daily.csv,2023-01-01
CUS_0x3bc6_2023_01_01,CUS_0x3bc6,1/1/2023,10,0,10000,0,0,0,10000,1/1/2023,2023-01-01,2025-10-05 04:41:23.547224,data/lms_loan_daily.csv,2023-01-01
CUS_0x3bd0_2023_01_01,CUS_0x3bd0,1/1/2023,10,0,10000,0,0,0,10000,1/1/2023,2023-01-01,2025-10-05 04:41:23.547224,data/lms_loan_daily.csv,2023-01-01
CUS_0x3bde_2023_01_01,CUS_0x3bde,1/1/2023,10,0,10000,0,0,0,10000,1/1/2023,2023-01-01,2025-10-05 04:41:23.547224,data/lms_loan_daily.csv,2023-01-01
CUS_0x3bf5_2023_01_01,CUS_0x3bf5,1/1/2023,10,0,10000,0,0,0,10000,1/1/2023,2023-01-01,2025-10-05 04:41:23.547224,data/lms_loan_daily.csv,2023-01-01
CUS_0x3ccd_2023_01_01,CUS_0x3ccd,1/1/2023,10,0,10000,0,0,0,10000,1/1/2023,2023-01-01,2025-10-05 04:41:23.547224,data/lms_loan_daily.csv,2023-01-01
CUS_0x3cea_2023_01_01,CUS_0x3cea,1/1/2023,10,0,10000,0,0,0,10000,1/1/2023,2023-01-01,2025-10-05 04:41:23.547224,data/lms_loan_daily.csv,2023-01-01
CUS_0x3cfc_2023_01_01,CUS_0x3cfc,1/1/2023,10,0,10000,0,0,0,10000,1/1/2023,2023-01-01,2025-10-05 04:41:23.547224,data/lms_loan_daily.csv,2023-01-01
CUS_0x3d6c_2023_01_01,CUS_0x3d6c,1/1/2023,10,0,10000,0,0,0,10000,1/1/2023,2023-01-01,2025-10-05 04:41:23.547224,data/lms_loan_daily.csv,2023-01-01
CUS_0x3e2d_2023_01_01,CUS_0x3e2d,1/1/2023,10,0,10000,0,0,0,10000,1/1/2023,2023-01-01,2025-10-05 04:41:23.547224,data/lms_loan_daily.csv,2023-01-01
CUS_0x3e54_2023_01_01,CUS_0x3e54,1/1/2023,10,0,10000,0,0,0,10000,1/1/2023,2023-01-01,2025-10-05 04:41:23.547224,data/lms_loan_daily.csv,2023-01-01
CUS_0x3e6d_2023_01_01,CUS_0x3e6d,1/1/2023,10,0,10000,0,0,0,10000,1/1/2023,2023-01-01,2025-10-05 04:41:23.547224,data/lms_loan_daily.csv,2023-01-01
CUS_0x3e73_2023_01_01,CUS_0x3e73,1/1/2023,10,0,10000,0,0,0,10000,1/1/2023,2023-01-01,2025-10-05 04:41:23.547224,data/lms_loan_daily.csv,2023-01-01
CUS_0x3e9c_2023_01_01,CUS_0x3e9c,1/1/2023,10,0,10000,0,0,0,10000,1/1/2023,2023-01-01,2025-10-05 04:41:23.547224,data/lms_loan_daily.csv,2023-01-01
CUS_0x3ee7_2023_01_01,CUS_0x3ee7,1/1/2023,10,0,10000,0,0,0,10000,1/1/2023,2023-01-01,2025-10-05 04:41:23.547224,data/lms_loan_daily.csv,2023-01-01
CUS_0x3f63_2023_01_01,CUS_0x3f63,1/1/2023,10,0,10000,0,0,0,10000,1/1/2023,2023-01-01,2025-10-05 04:41:23.547224,data/lms_loan_daily.csv,2023-01-01
CUS_0x3fc3_2023_01_01,CUS_0x3fc3,1/1/2023,10,0,10000,0,0,0,10000,1/1/2023,2023-01-01,2025-10-05 04:41:23.547224,data/lms_loan_daily.csv,2023-01-01
CUS_0x3fd9_2023_01_01,CUS_0x3fd9,1/1/2023,10,0,10000,0,0,0,10000,1/1/2023,2023-01-01,2025-10-05 04:41:23.547224,data/lms_loan_daily.csv,2023-01-01
CUS_0x401c_2023_01_01,CUS_0x401c,1/1/2023,10,0,10000,0,0,0,10000,1/1/2023,2023-01-01,2025-10-05 04:41:23.547224,data/lms_loan_daily.csv,2023-01-01
CUS_0x4096_2023_01_01,CUS_0x4096,1/1/2023,10,0,10000,0,0,0,10000,1/1/2023,2023-01-01,2025-10-05 04:41:23.547224,data/lms_loan_daily.csv,2023-01-01
CUS_0x40c5_2023_01_01,CUS_0x40c5,1/1/2023,10,0,10000,0,0,0,10000,1/1/2023,2023-01-01,2025-10-05 04:41:23.547224,data/lms_loan_daily.csv,2023-01-01
CUS_0x40d0_2023_01_01,CUS_0x40d0,1/1/2023,10,0,10000,0,0,0,10000,1/1/2023,2023-01-01,2025-10-05 04:41:23.547224,data/lms_loan_daily.csv,2023-01-01
CUS_0x4131_2023_01_01,CUS_0x4131,1/1/2023,10,0,10000,0,0,0,10000,1/1/2023,2023-01-01,2025-10-05 04:41:23.547224,data/lms_loan_daily.csv,2023-01-01
CUS_0x416f_2023_01_01,CUS_0x416f,1/1/2023,10,0,10000,0,0,0,10000,1/1/2023,2023-01-01,2025-10-05 04:41:23.547224,data/lms_loan_daily.csv,2023-01-01
CUS_0x41b7_2023_01_01,CUS_0x41b7,1/1/2023,10,0,10000,0,0,0,10000,1/1/2023,2023-01-01,2025-10-05 04:41:23.547224,data/lms_loan_daily.csv,2023-01-01
CUS_0x41c_2023_01_01,CUS_0x41c,1/1/2023,10,0,10000,0,0,0,10000,1/1/2023,2023-01-01,2025-10-05 04:41:23.547224,data/lms_loan_daily.csv,2023-01-01
CUS_0x41f2_2023_01_01,CUS_0x41f2,1/1/2023,10,0,10000,0,0,0,10000,1/1/2023,2023-01-01,2025-10-05 04:41:23.547224,data/lms_loan_daily.csv,2023-01-01
CUS_0x424_2023_01_01,CUS_0x424,1/1/2023,10,0,10000,0,0,0,10000,1/1/2023,2023-01-01,2025-10-05 04:41:23.547224,data/lms_loan_daily.csv,2023-01-01
CUS_0x4271_2023_01_01,CUS_0x4271,1/1/2023,10,0,10000,0,0,0,10000,1/1/2023,2023-01-01,2025-10-05 04:41:23.547224,data/lms_loan_daily.csv,2023-01-01
CUS_0x42c6_2023_01_01,CUS_0x42c6,1/1/2023,10,0,10000,0,0,0,10000,1/1/2023,2023-01-01,2025-10-05 04:41:23.547224,data/lms_loan_daily.csv,2023-01-01
CUS_0x4322_2023_01_01,CUS_0x4322,1/1/2023,10,0,10000,0,0,0,10000,1/1/2023,2023-01-01,2025-10-05 04:41:23.547224,data/lms_loan_daily.csv,2023-01-01
CUS_0x4327_2023_01_01,CUS_0x4327,1/1/2023,10,0,10000,0,0,0,10000,1/1/2023,2023-01-01,2025-10-05 04:41:23.547224,data/lms_loan_daily.csv,2023-01-01
CUS_0x4340_2023_01_01,CUS_0x4340,1/1/2023,10,0,10000,0,0,0,10000,1/1/2023,2023-01-01,2025-10-05 04:41:23.547224,data/lms_loan_daily.csv,2023-01-01
CUS_0x436f_2023_01_01,CUS_0x436f,1/1/2023,10,0,10000,0,0,0,10000,1/1/2023,2023-01-01,2025-10-05 04:41:23.547224,data/lms_loan_daily.csv,2023-01-01
CUS_0x438a_2023_01_01,CUS_0x438a,1/1/2023,10,0,10000,0,0,0,10000,1/1/2023,2023-01-01,2025-10-05 04:41:23.547224,data/lms_loan_daily.csv,2023-01-01
CUS_0x4395_2023_01_01,CUS_0x4395,1/1/2023,10,0,10000,0,0,0,10000,1/1/2023,2023-01-01,2025-10-05 04:41:23.547224,data/lms_loan_daily.csv,2023-01-01
CUS_0x43c5_2023_01_01,CUS_0x43c5,1/1/2023,10,0,10000,0,0,0,10000,1/1/2023,2023-01-01,2025-10-05 04:41:23.547224,data/lms_loan_daily.csv,2023-01-01
CUS_0x43f8_2023_01_01,CUS_0x43f8,1/1/2023,10,0,10000,0,0,0,10000,1/1/2023,2023-01-01,2025-10-05 04:41:23.547224,data/lms_loan_daily.csv,2023-01-01
CUS_0x4410_2023_01_01,CUS_0x4410,1/1/2023,10,0,10000,0,0,0,10000,1/1/2023,2023-01-01,2025-10-05 04:41:23.547224,data/lms_loan_daily.csv,2023-01-01
CUS_0x4464_2023_01_01,CUS_0x4464,1/1/2023,10,0,10000,0,0,0,10000,1/1/2023,2023-01-01,2025-10-05 04:41:23.547224,data/lms_loan_daily.csv,2023-01-01
CUS_0x4472_2023_01_01,CUS_0x4472,1/1/2023,10,0,10000,0,0,0,10000,1/1/2023,2023-01-01,2025-10-05 04:41:23.547224,data/lms_loan_daily.csv,2023-01-01
CUS_0x44d5_2023_01_01,CUS_0x44d5,1/1/2023,10,0,10000,0,0,0,10000,1/1/2023,2023-01-01,2025-10-05 04:41:23.547224,data/lms_loan_daily.csv,2023-01-01
CUS_0x44e0_2023_01_01,CUS_0x44e0,1/1/2023,10,0,10000,0,0,0,10000,1/1/2023,2023-01-01,2025-10-05 04:41:23.547224,data/lms_loan_daily.csv,2023-01-01
CUS_0x4596_2023_01_01,CUS_0x4596,1/1/2023,10,0,10000,0,0,0,10000,1/1/2023,2023-01-01,2025-10-05 04:41:23.547224,data/lms_loan_daily.csv,2023-01-01
CUS_0x4662_2023_01_01,CUS_0x4662,1/1/2023,10,0,10000,0,0,0,10000,1/1/2023,2023-01-01,2025-10-05 04:41:23.547224,data/lms_loan_daily.csv,2023-01-01
CUS_0x4671_2023_01_01,CUS_0x4671,1/1/2023,10,0,10000,0,0,0,10000,1/1/2023,2023-01-01,2025-10-05 04:41:23.547224,data/lms_loan_daily.csv,2023-01-01
CUS_0x4674_2023_01_01,CUS_0x4674,1/1/2023,10,0,10000,0,0,0,10000,1/1/2023,2023-01-01,2025-10-05 04:41:23.547224,data/lms_loan_daily.csv,2023-01-01
CUS_0x4688_2023_01_01,CUS_0x4688,1/1/2023,10,0,10000,0,0,0,10000,1/1/2023,2023-01-01,2025-10-05 04:41:23.547224,data/lms_loan_daily.csv,2023-01-01
CUS_0x472b_2023_01_01,CUS_0x472b,1/1/2023,10,0,10000,0,0,0,10000,1/1/2023,2023-01-01,2025-10-05 04:41:23.547224,data/lms_loan_daily.csv,2023-01-01
CUS_0x474_2023_01_01,CUS_0x474,1/1/2023,10,0,10000,0,0,0,10000,1/1/2023,2023-01-01,2025-10-05 04:41:23.547224,data/lms_loan_daily.csv,2023-01-01
CUS_0x47a5_2023_01_01,CUS_0x47a5,1/1/2023,10,0,10000,0,0,0,10000,1/1/2023,2023-01-01,2025-10-05 04:41:23.547224,data/lms_loan_daily.csv,2023-01-01
CUS_0x47c0_2023_01_01,CUS_0x47c0,1/1/2023,10,0,10000,0,0,0,10000,1/1/2023,2023-01-01,2025-10-05 04:41:23.547224,data/lms_loan_daily.csv,2023-01-01
CUS_0x480c_2023_01_01,CUS_0x480c,1/1/2023,10,0,10000,0,0,0,10000,1/1/2023,2023-01-01,2025-10-05 04:41:23.547224,data/lms_loan_daily.csv,2023-01-01
CUS_0x4854_2023_01_01,CUS_0x4854,1/1/2023,10,0,10000,0,0,0,10000,1/1/2023,2023-01-01,2025-10-05 04:41:23.547224,data/lms_loan_daily.csv,2023-01-01
CUS_0x4881_2023_01_01,CUS_0x4881,1/1/2023,10,0,10000,0,0,0,10000,1/1/2023,2023-01-01,2025-10-05 04:41:23.547224,data/lms_loan_daily.csv,2023-01-01
CUS_0x48ae_2023_01_01,CUS_0x48ae,1/1/2023,10,0,10000,0,0,0,10000,1/1/2023,2023-01-01,2025-10-05 04:41:23.547224,data/lms_loan_daily.csv,2023-01-01
CUS_0x4939_2023_01_01,CUS_0x4939,1/1/2023,10,0,10000,0,0,0,10000,1/1/2023,2023-01-01,2025-10-05 04:41:23.547224,data/lms_loan_daily.csv,2023-01-01
CUS_0x4943_2023_01_01,CUS_0x4943,1/1/2023,10,0,10000,0,0,0,10000,1/1/2023,2023-01-01,2025-10-05 04:41:23.547224,data/lms_loan_daily.csv,2023-01-01
CUS_0x4a0b_2023_01_01,CUS_0x4a0b,1/1/2023,10,0,10000,0,0,0,10000,1/1/2023,2023-01-01,2025-10-05 04:41:23.547224,data/lms_loan_daily.csv,2023-01-01
CUS_0x4a24_2023_01_01,CUS_0x4a24,1/1/2023,10,0,10000,0,0,0,10000,1/1/2023,2023-01-01,2025-10-05 04:41:23.547224,data/lms_loan_daily.csv,2023-01-01
CUS_0x4a3f_2023_01_01,CUS_0x4a3f,1/1/2023,10,0,10000,0,0,0,10000,1/1/2023,2023-01-01,2025-10-05 04:41:23.547224,data/lms_loan_daily.csv,2023-01-01
CUS_0x4a43_2023_01_01,CUS_0x4a43,1/1/2023,10,0,10000,0,0,0,10000,1/1/2023,2023-01-01,2025-10-05 04:41:23.547224,data/lms_loan_daily.csv,2023-01-01
CUS_0x4a94_2023_01_01,CUS_0x4a94,1/1/2023,10,0,10000,0,0,0,10000,1/1/2023,2023-01-01,2025-10-05 04:41:23.547224,data/lms_loan_daily.csv,2023-01-01
CUS_0x4b40_2023_01_01,CUS_0x4b40,1/1/2023,10,0,10000,0,0,0,10000,1/1/2023,2023-01-01,2025-10-05 04:41:23.547224,data/lms_loan_daily.csv,2023-01-01
CUS_0x4b64_2023_01_01,CUS_0x4b64,1/1/2023,10,0,10000,0,0,0,10000,1/1/2023,2023-01-01,2025-10-05 04:41:23.547224,data/lms_loan_daily.csv,2023-01-01
CUS_0x4be2_2023_01_01,CUS_0x4be2,1/1/2023,10,0,10000,0,0,0,10000,1/1/2023,2023-01-01,2025-10-05 04:41:23.547224,data/lms_loan_daily.csv,2023-01-01
CUS_0x4bfc_2023_01_01,CUS_0x4bfc,1/1/2023,10,0,10000,0,0,0,10000,1/1/2023,2023-01-01,2025-10-05 04:41:23.547224,data/lms_loan_daily.csv,2023-01-01
CUS_0x4c29_2023_01_01,CUS_0x4c29,1/1/2023,10,0,10000,0,0,0,10000,1/1/2023,2023-01-01,2025-10-05 04:41:23.547224,data/lms_loan_daily.csv,2023-01-01
CUS_0x4c71_2023_01_01,CUS_0x4c71,1/1/2023,10,0,10000,0,0,0,10000,1/1/2023,2023-01-01,2025-10-05 04:41:23.547224,data/lms_loan_daily.csv,2023-01-01
CUS_0x4cdd_2023_01_01,CUS_0x4cdd,1/1/2023,10,0,10000,0,0,0,10000,1/1/2023,2023-01-01,2025-10-05 04:41:23.547224,data/lms_loan_daily.csv,2023-01-01
CUS_0x4cf6_2023_01_01,CUS_0x4cf6,1/1/2023,10,0,10000,0,0,0,10000,1/1/2023,2023-01-01,2025-10-05 04:41:23.547224,data/lms_loan_daily.csv,2023-01-01
CUS_0x4d05_2023_01_01,CUS_0x4d05,1/1/2023,10,0,10000,0,0,0,10000,1/1/2023,2023-01-01,2025-10-05 04:41:23.547224,data/lms_loan_daily.csv,2023-01-01
CUS_0x4d41_2023_01_01,CUS_0x4d41,1/1/2023,10,0,10000,0,0,0,10000,1/1/2023,2023-01-01,2025-10-05 04:41:23.547224,data/lms_loan_daily.csv,2023-01-01
CUS_0x4dc9_2023_01_01,CUS_0x4dc9,1/1/2023,10,0,10000,0,0,0,10000,1/1/2023,2023-01-01,2025-10-05 04:41:23.547224,data/lms_loan_daily.csv,2023-01-01
CUS_0x4ddc_2023_01_01,CUS_0x4ddc,1/1/2023,10,0,10000,0,0,0,10000,1/1/2023,2023-01-01,2025-10-05 04:41:23.547224,data/lms_loan_daily.csv,2023-01-01
CUS_0x4ddf_2023_01_01,CUS_0x4ddf,1/1/2023,10,0,10000,0,0,0,10000,1/1/2023,2023-01-01,2025-10-05 04:41:23.547224,data/lms_loan_daily.csv,2023-01-01
CUS_0x50f7_2023_01_01,CUS_0x50f7,1/1/2023,10,0,10000,0,0,0,10000,1/1/2023,2023-01-01,2025-10-05 04:41:23.547224,data/lms_loan_daily.csv,2023-01-01
CUS_0x5111_2023_01_01,CUS_0x5111,1/1/2023,10,0,10000,0,0,0,10000,1/1/2023,2023-01-01,2025-10-05 04:41:23.547224,data/lms_loan_daily.csv,2023-01-01
CUS_0x5158_2023_01_01,CUS_0x5158,1/1/2023,10,0,10000,0,0,0,10000,1/1/2023,2023-01-01,2025-10-05 04:41:23.547224,data/lms_loan_daily.csv,2023-01-01
CUS_0x51b3_2023_01_01,CUS_0x51b3,1/1/2023,10,0,10000,0,0,0,10000,1/1/2023,2023-01-01,2025-10-05 04:41:23.547224,data/lms_loan_daily.csv,2023-01-01
CUS_0x51c9_2023_01_01,CUS_0x51c9,1/1/2023,10,0,10000,0,0,0,10000,1/1/2023,2023-01-01,2025-10-05 04:41:23.547224,data/lms_loan_daily.csv,2023-01-01
CUS_0x51e_2023_01_01,CUS_0x51e,1/1/2023,10,0,10000,0,0,0,10000,1/1/2023,2023-01-01,2025-10-05 04:41:23.547224,data/lms_loan_daily.csv,2023-01-01
CUS_0x51e7_2023_01_01,CUS_0x51e7,1/1/2023,10,0,10000,0,0,0,10000,1/1/2023,2023-01-01,2025-10-05 04:41:23.547224,data/lms_loan_daily.csv,2023-01-01
CUS_0x5225_2023_01_01,CUS_0x5225,1/1/2023,10,0,10000,0,0,0,10000,1/1/2023,2023-01-01,2025-10-05 04:41:23.547224,data/lms_loan_daily.csv,2023-01-01
CUS_0x522d_2023_01_01,CUS_0x522d,1/1/2023,10,0,10000,0,0,0,10000,1/1/2023,2023-01-01,2025-10-05 04:41:23.547224,data/lms_loan_daily.csv,2023-01-01
CUS_0x527f_2023_01_01,CUS_0x527f,1/1/2023,10,0,10000,0,0,0,10000,1/1/2023,2023-01-01,2025-10-05 04:41:23.547224,data/lms_loan_daily.csv,2023-01-01
CUS_0x52a5_2023_01_01,CUS_0x52a5,1/1/2023,10,0,10000,0,0,0,10000,1/1/2023,2023-01-01,2025-10-05 04:41:23.547224,data/lms_loan_daily.csv,2023-01-01
CUS_0x52aa_2023_01_01,CUS_0x52aa,1/1/2023,10,0,10000,0,0,0,10000,1/1/2023,2023-01-01,2025-10-05 04:41:23.547224,data/lms_loan_daily.csv,2023-01-01
CUS_0x537_2023_01_01,CUS_0x537,1/1/2023,10,0,10000,0,0,0,10000,1/1/2023,2023-01-01,2025-10-05 04:41:23.547224,data/lms_loan_daily.csv,2023-01-01
CUS_0x53f4_2023_01_01,CUS_0x53f4,1/1/2023,10,0,10000,0,0,0,10000,1/1/2023,2023-01-01,2025-10-05 04:41:23.547224,data/lms_loan_daily.csv,2023-01-01
CUS_0x540f_2023_01_01,CUS_0x540f,1/1/2023,10,0,10000,0,0,0,10000,1/1/2023,2023-01-01,2025-10-05 04:41:23.547224,data/lms_loan_daily.csv,2023-01-01
CUS_0x541a_2023_01_01,CUS_0x541a,1/1/2023,10,0,10000,0,0,0,10000,1/1/2023,2023-01-01,2025-10-05 04:41:23.547224,data/lms_loan_daily.csv,2023-01-01
CUS_0x54d4_2023_01_01,CUS_0x54d4,1/1/2023,10,0,10000,0,0,0,10000,1/1/2023,2023-01-01,2025-10-05 04:41:23.547224,data/lms_loan_daily.csv,2023-01-01
CUS_0x5505_2023_01_01,CUS_0x5505,1/1/2023,10,0,10000,0,0,0,10000,1/1/2023,2023-01-01,2025-10-05 04:41:23.547224,data/lms_loan_daily.csv,2023-01-01
CUS_0x5525_2023_01_01,CUS_0x5525,1/1/2023,10,0,10000,0,0,0,10000,1/1/2023,2023-01-01,2025-10-05 04:41:23.547224,data/lms_loan_daily.csv,2023-01-01
CUS_0x553e_2023_01_01,CUS_0x553e,1/1/2023,10,0,10000,0,0,0,10000,1/1/2023,2023-01-01,2025-10-05 04:41:23.547224,data/lms_loan_daily.csv,2023-01-01
CUS_0x55f0_2023_01_01,CUS_0x55f0,1/1/2023,10,0,10000,0,0,0,10000,1/1/2023,2023-01-01,2025-10-05 04:41:23.547224,data/lms_loan_daily.csv,2023-01-01
CUS_0x565d_2023_01_01,CUS_0x565d,1/1/2023,10,0,10000,0,0,0,10000,1/1/2023,2023-01-01,2025-10-05 04:41:23.547224,data/lms_loan_daily.csv,2023-01-01
CUS_0x56f1_2023_01_01,CUS_0x56f1,1/1/2023,10,0,10000,0,0,0,10000,1/1/2023,2023-01-01,2025-10-05 04:41:23.547224,data/lms_loan_daily.csv,2023-01-01
CUS_0x5849_2023_01_01,CUS_0x5849,1/1/2023,10,0,10000,0,0,0,10000,1/1/2023,2023-01-01,2025-10-05 04:41:23.547224,data/lms_loan_daily.csv,2023-01-01
CUS_0x5877_2023_01_01,CUS_0x5877,1/1/2023,10,0,10000,0,0,0,10000,1/1/2023,2023-01-01,2025-10-05 04:41:23.547224,data/lms_loan_daily.csv,2023-01-01
CUS_0x58bf_2023_01_01,CUS_0x58bf,1/1/2023,10,0,10000,0,0,0,10000,1/1/2023,2023-01-01,2025-10-05 04:41:23.547224,data/lms_loan_daily.csv,2023-01-01
CUS_0x5999_2023_01_01,CUS_0x5999,1/1/2023,10,0,10000,0,0,0,10000,1/1/2023,2023-01-01,2025-10-05 04:41:23.547224,data/lms_loan_daily.csv,2023-01-01
CUS_0x59d0_2023_01_01,CUS_0x59d0,1/1/2023,10,0,10000,0,0,0,10000,1/1/2023,2023-01-01,2025-10-05 04:41:23.547224,data/lms_loan_daily.csv,2023-01-01
CUS_0x5a3d_2023_01_01,CUS_0x5a3d,1/1/2023,10,0,10000,0,0,0,10000,1/1/2023,2023-01-01,2025-10-05 04:41:23.547224,data/lms_loan_daily.csv,2023-01-01
CUS_0x5ae6_2023_01_01,CUS_0x5ae6,1/1/2023,10,0,10000,0,0,0,10000,1/1/2023,2023-01-01,2025-10-05 04:41:23.547224,data/lms_loan_daily.csv,2023-01-01
CUS_0x5bce_2023_01_01,CUS_0x5bce,1/1/2023,10,0,10000,0,0,0,10000,1/1/2023,2023-01-01,2025-10-05 04:41:23.547224,data/lms_loan_daily.csv,2023-01-01
CUS_0x5c9f_2023_01_01,CUS_0x5c9f,1/1/2023,10,0,10000,0,0,0,10000,1/1/2023,2023-01-01,2025-10-05 04:41:23.547224,data/lms_loan_daily.csv,2023-01-01
CUS_0x5ebe_2023_01_01,CUS_0x5ebe,1/1/2023,10,0,10000,0,0,0,10000,1/1/2023,2023-01-01,2025-10-05 04:41:23.547224,data/lms_loan_daily.csv,2023-01-01
CUS_0x5f02_2023_01_01,CUS_0x5f02,1/1/2023,10,0,10000,0,0,0,10000,1/1/2023,2023-01-01,2025-10-05 04:41:23.547224,data/lms_loan_daily.csv,2023-01-01
CUS_0x5f10_2023_01_01,CUS_0x5f10,1/1/2023,10,0,10000,0,0,0,10000,1/1/2023,2023-01-01,2025-10-05 04:41:23.547224,data/lms_loan_daily.csv,2023-01-01
CUS_0x5f30_2023_01_01,CUS_0x5f30,1/1/2023,10,0,10000,0,0,0,10000,1/1/2023,2023-01-01,2025-10-05 04:41:23.547224,data/lms_loan_daily.csv,2023-01-01
CUS_0x5f55_2023_01_01,CUS_0x5f55,1/1/2023,10,0,10000,0,0,0,10000,1/1/2023,2023-01-01,2025-10-05 04:41:23.547224,data/lms_loan_daily.csv,2023-01-01
CUS_0x5fe9_2023_01_01,CUS_0x5fe9,1/1/2023,10,0,10000,0,0,0,10000,1/1/2023,2023-01-01,2025-10-05 04:41:23.547224,data/lms_loan_daily.csv,2023-01-01
CUS_0x6034_2023_01_01,CUS_0x6034,1/1/2023,10,0,10000,0,0,0,10000,1/1/2023,2023-01-01,2025-10-05 04:41:23.547224,data/lms_loan_daily.csv,2023-01-01
CUS_0x6070_2023_01_01,CUS_0x6070,1/1/2023,10,0,10000,0,0,0,10000,1/1/2023,2023-01-01,2025-10-05 04:41:23.547224,data/lms_loan_daily.csv,2023-01-01
CUS_0x6120_2023_01_01,CUS_0x6120,1/1/2023,10,0,10000,0,0,0,10000,1/1/2023,2023-01-01,2025-10-05 04:41:23.547224,data/lms_loan_daily.csv,2023-01-01
CUS_0x61de_2023_01_01,CUS_0x61de,1/1/2023,10,0,10000,0,0,0,10000,1/1/2023,2023-01-01,2025-10-05 04:41:23.547224,data/lms_loan_daily.csv,2023-01-01
CUS_0x627a_2023_01_01,CUS_0x627a,1/1/2023,10,0,10000,0,0,0,10000,1/1/2023,2023-01-01,2025-10-05 04:41:23.547224,data/lms_loan_daily.csv,2023-01-01
CUS_0x635a_2023_01_01,CUS_0x635a,1/1/2023,10,0,10000,0,0,0,10000,1/1/2023,2023-01-01,2025-10-05 04:41:23.547224,data/lms_loan_daily.csv,2023-01-01
CUS_0x636d_2023_01_01,CUS_0x636d,1/1/2023,10,0,10000,0,0,0,10000,1/1/2023,2023-01-01,2025-10-05 04:41:23.547224,data/lms_loan_daily.csv,2023-01-01
CUS_0x63d_2023_01_01,CUS_0x63d,1/1/2023,10,0,10000,0,0,0,10000,1/1/2023,2023-01-01,2025-10-05 04:41:23.547224,data/lms_loan_daily.csv,2023-01-01
CUS_0x63d8_2023_01_01,CUS_0x63d8,1/1/2023,10,0,10000,0,0,0,10000,1/1/2023,2023-01-01,2025-10-05 04:41:23.547224,data/lms_loan_daily.csv,2023-01-01
CUS_0x6442_2023_01_01,CUS_0x6442,1/1/2023,10,0,10000,0,0,0,10000,1/1/2023,2023-01-01,2025-10-05 04:41:23.547224,data/lms_loan_daily.csv,2023-01-01
CUS_0x64b8_2023_01_01,CUS_0x64b8,1/1/2023,10,0,10000,0,0,0,10000,1/1/2023,2023-01-01,2025-10-05 04:41:23.547224,data/lms_loan_daily.csv,2023-01-01
CUS_0x6587_2023_01_01,CUS_0x6587,1/1/2023,10,0,10000,0,0,0,10000,1/1/2023,2023-01-01,2025-10-05 04:41:23.547224,data/lms_loan_daily.csv,2023-01-01
CUS_0x658e_2023_01_01,CUS_0x658e,1/1/2023,10,0,10000,0,0,0,10000,1/1/2023,2023-01-01,2025-10-05 04:41:23.547224,data/lms_loan_daily.csv,2023-01-01
CUS_0x65bf_2023_01_01,CUS_0x65bf,1/1/2023,10,0,10000,0,0,0,10000,1/1/2023,2023-01-01,2025-10-05 04:41:23.547224,data/lms_loan_daily.csv,2023-01-01
CUS_0x6694_2023_01_01,CUS_0x6694,1/1/2023,10,0,10000,0,0,0,10000,1/1/2023,2023-01-01,2025-10-05 04:41:23.547224,data/lms_loan_daily.csv,2023-01-01
CUS_0x6701_2023_01_01,CUS_0x6701,1/1/2023,10,0,10000,0,0,0,10000,1/1/2023,2023-01-01,2025-10-05 04:41:23.547224,data/lms_loan_daily.csv,2023-01-01
CUS_0x6752_2023_01_01,CUS_0x6752,1/1/2023,10,0,10000,0,0,0,10000,1/1/2023,2023-01-01,2025-10-05 04:41:23.547224,data/lms_loan_daily.csv,2023-01-01
CUS_0x67e4_2023_01_01,CUS_0x67e4,1/1/2023,10,0,10000,0,0,0,10000,1/1/2023,2023-01-01,2025-10-05 04:41:23.547224,data/lms_loan_daily.csv,2023-01-01
CUS_0x6850_2023_01_01,CUS_0x6850,1/1/2023,10,0,10000,0,0,0,10000,1/1/2023,2023-01-01,2025-10-05 04:41:23.547224,data/lms_loan_daily.csv,2023-01-01
CUS_0x689b_2023_01_01,CUS_0x689b,1/1/2023,10,0,10000,0,0,0,10000,1/1/2023,2023-01-01,2025-10-05 04:41:23.547224,data/lms_loan_daily.csv,2023-01-01
CUS_0x6915_2023_01_01,CUS_0x6915,1/1/2023,10,0,10000,0,0,0,10000,1/1/2023,2023-01-01,2025-10-05 04:41:23.547224,data/lms_loan_daily.csv,2023-01-01
CUS_0x695c_2023_01_01,CUS_0x695c,1/1/2023,10,0,10000,0,0,0,10000,1/1/2023,2023-01-01,2025-10-05 04:41:23.547224,data/lms_loan_daily.csv,2023-01-01
CUS_0x697d_2023_01_01,CUS_0x697d,1/1/2023,10,0,10000,0,0,0,10000,1/1/2023,2023-01-01,2025-10-05 04:41:23.547224,data/lms_loan_daily.csv,2023-01-01
CUS_0x699_2023_01_01,CUS_0x699,1/1/2023,10,0,10000,0,0,0,10000,1/1/2023,2023-01-01,2025-10-05 04:41:23.547224,data/lms_loan_daily.csv,2023-01-01
CUS_0x69be_2023_01_01,CUS_0x69be,1/1/2023,10,0,10000,0,0,0,10000,1/1/2023,2023-01-01,2025-10-05 04:41:23.547224,data/lms_loan_daily.csv,2023-01-01
CUS_0x69ff_2023_01_01,CUS_0x69ff,1/1/2023,10,0,10000,0,0,0,10000,1/1/2023,2023-01-01,2025-10-05 04:41:23.547224,data/lms_loan_daily.csv,2023-01-01
CUS_0x6a8a_2023_01_01,CUS_0x6a8a,1/1/2023,10,0,10000,0,0,0,10000,1/1/2023,2023-01-01,2025-10-05 04:41:23.547224,data/lms_loan_daily.csv,2023-01-01
CUS_0x6ab3_2023_01_01,CUS_0x6ab3,1/1/2023,10,0,10000,0,0,0,10000,1/1/2023,2023-01-01,2025-10-05 04:41:23.547224,data/lms_loan_daily.csv,2023-01-01
CUS_0x6b1d_2023_01_01,CUS_0x6b1d,1/1/2023,10,0,10000,0,0,0,10000,1/1/2023,2023-01-01,2025-10-05 04:41:23.547224,data/lms_loan_daily.csv,2023-01-01
CUS_0x6b52_2023_01_01,CUS_0x6b52,1/1/2023,10,0,10000,0,0,0,10000,1/1/2023,2023-01-01,2025-10-05 04:41:23.547224,data/lms_loan_daily.csv,2023-01-01
CUS_0x6d05_2023_01_01,CUS_0x6d05,1/1/2023,10,0,10000,0,0,0,10000,1/1/2023,2023-01-01,2025-10-05 04:41:23.547224,data/lms_loan_daily.csv,2023-01-01
CUS_0x6d4_2023_01_01,CUS_0x6d4,1/1/2023,10,0,10000,0,0,0,10000,1/1/2023,2023-01-01,2025-10-05 04:41:23.547224,data/lms_loan_daily.csv,2023-01-01
CUS_0x6ee_2023_01_01,CUS_0x6ee,1/1/2023,10,0,10000,0,0,0,10000,1/1/2023,2023-01-01,2025-10-05 04:41:23.547224,data/lms_loan_daily.csv,2023-01-01
CUS_0x6f11_2023_01_01,CUS_0x6f11,1/1/2023,10,0,10000,0,0,0,10000,1/1/2023,2023-01-01,2025-10-05 04:41:23.547224,data/lms_loan_daily.csv,2023-01-01
CUS_0x6f4a_2023_01_01,CUS_0x6f4a,1/1/2023,10,0,10000,0,0,0,10000,1/1/2023,2023-01-01,2025-10-05 04:41:23.547224,data/lms_loan_daily.csv,2023-01-01
CUS_0x6f5d_2023_01_01,CUS_0x6f5d,1/1/2023,10,0,10000,0,0,0,10000,1/1/2023,2023-01-01,2025-10-05 04:41:23.547224,data/lms_loan_daily.csv,2023-01-01
CUS_0x6f95_2023_01_01,CUS_0x6f95,1/1/2023,10,0,10000,0,0,0,10000,1/1/2023,2023-01-01,2025-10-05 04:41:23.547224,data/lms_loan_daily.csv,2023-01-01
CUS_0x6fea_2023_01_01,CUS_0x6fea,1/1/2023,10,0,10000,0,0,0,10000,1/1/2023,2023-01-01,2025-10-05 04:41:23.547224,data/lms_loan_daily.csv,2023-01-01
CUS_0x6ffb_2023_01_01,CUS_0x6ffb,1/1/2023,10,0,10000,0,0,0,10000,1/1/2023,2023-01-01,2025-10-05 04:41:23.547224,data/lms_loan_daily.csv,2023-01-01
CUS_0x703f_2023_01_01,CUS_0x703f,1/1/2023,10,0,10000,0,0,0,10000,1/1/2023,2023-01-01,2025-10-05 04:41:23.547224,data/lms_loan_daily.csv,2023-01-01
CUS_0x707d_2023_01_01,CUS_0x707d,1/1/2023,10,0,10000,0,0,0,10000,1/1/2023,2023-01-01,2025-10-05 04:41:23.547224,data/lms_loan_daily.csv,2023-01-01
CUS_0x710b_2023_01_01,CUS_0x710b,1/1/2023,10,0,10000,0,0,0,10000,1/1/2023,2023-01-01,2025-10-05 04:41:23.547224,data/lms_loan_daily.csv,2023-01-01
CUS_0x71a0_2023_01_01,CUS_0x71a0,1/1/2023,10,0,10000,0,0,0,10000,1/1/2023,2023-01-01,2025-10-05 04:41:23.547224,data/lms_loan_daily.csv,2023-01-01
CUS_0x7266_2023_01_01,CUS_0x7266,1/1/2023,10,0,10000,0,0,0,10000,1/1/2023,2023-01-01,2025-10-05 04:41:23.547224,data/lms_loan_daily.csv,2023-01-01
CUS_0x7373_2023_01_01,CUS_0x7373,1/1/2023,10,0,10000,0,0,0,10000,1/1/2023,2023-01-01,2025-10-05 04:41:23.547224,data/lms_loan_daily.csv,2023-01-01
CUS_0x738f_2023_01_01,CUS_0x738f,1/1/2023,10,0,10000,0,0,0,10000,1/1/2023,2023-01-01,2025-10-05 04:41:23.547224,data/lms_loan_daily.csv,2023-01-01
CUS_0x7418_2023_01_01,CUS_0x7418,1/1/2023,10,0,10000,0,0,0,10000,1/1/2023,2023-01-01,2025-10-05 04:41:23.547224,data/lms_loan_daily.csv,2023-01-01
CUS_0x752c_2023_01_01,CUS_0x752c,1/1/2023,10,0,10000,0,0,0,10000,1/1/2023,2023-01-01,2025-10-05 04:41:23.547224,data/lms_loan_daily.csv,2023-01-01
CUS_0x752f_2023_01_01,CUS_0x752f,1/1/2023,10,0,10000,0,0,0,10000,1/1/2023,2023-01-01,2025-10-05 04:41:23.547224,data/lms_loan_daily.csv,2023-01-01
CUS_0x7580_2023_01_01,CUS_0x7580,1/1/2023,10,0,10000,0,0,0,10000,1/1/2023,2023-01-01,2025-10-05 04:41:23.547224,data/lms_loan_daily.csv,2023-01-01
CUS_0x758e_2023_01_01,CUS_0x758e,1/1/2023,10,0,10000,0,0,0,10000,1/1/2023,2023-01-01,2025-10-05 04:41:23.547224,data/lms_loan_daily.csv,2023-01-01
CUS_0x75e_2023_01_01,CUS_0x75e,1/1/2023,10,0,10000,0,0,0,10000,1/1/2023,2023-01-01,2025-10-05 04:41:23.547224,data/lms_loan_daily.csv,2023-01-01
CUS_0x773_2023_01_01,CUS_0x773,1/1/2023,10,0,10000,0,0,0,10000,1/1/2023,2023-01-01,2025-10-05 04:41:23.547224,data/lms_loan_daily.csv,2023-01-01
CUS_0x775a_2023_01_01,CUS_0x775a,1/1/2023,10,0,10000,0,0,0,10000,1/1/2023,2023-01-01,2025-10-05 04:41:23.547224,data/lms_loan_daily.csv,2023-01-01
CUS_0x77e2_2023_01_01,CUS_0x77e2,1/1/2023,10,0,10000,0,0,0,10000,1/1/2023,2023-01-01,2025-10-05 04:41:23.547224,data/lms_loan_daily.csv,2023-01-01
CUS_0x7872_2023_01_01,CUS_0x7872,1/1/2023,10,0,10000,0,0,0,10000,1/1/2023,2023-01-01,2025-10-05 04:41:23.547224,data/lms_loan_daily.csv,2023-01-01
CUS_0x7877_2023_01_01,CUS_0x7877,1/1/2023,10,0,10000,0,0,0,10000,1/1/2023,2023-01-01,2025-10-05 04:41:23.547224,data/lms_loan_daily.csv,2023-01-01
CUS_0x78a7_2023_01_01,CUS_0x78a7,1/1/2023,10,0,10000,0,0,0,10000,1/1/2023,2023-01-01,2025-10-05 04:41:23.547224,data/lms_loan_daily.csv,2023-01-01
CUS_0x7910_2023_01_01,CUS_0x7910,1/1/2023,10,0,10000,0,0,0,10000,1/1/2023,2023-01-01,2025-10-05 04:41:23.547224,data/lms_loan_daily.csv,2023-01-01
CUS_0x79aa_2023_01_01,CUS_0x79aa,1/1/2023,10,0,10000,0,0,0,10000,1/1/2023,2023-01-01,2025-10-05 04:41:23.547224,data/lms_loan_daily.csv,2023-01-01
CUS_0x79ac_2023_01_01,CUS_0x79ac,1/1/2023,10,0,10000,0,0,0,10000,1/1/2023,2023-01-01,2025-10-05 04:41:23.547224,data/lms_loan_daily.csv,2023-01-01
CUS_0x79cf_2023_01_01,CUS_0x79cf,1/1/2023,10,0,10000,0,0,0,10000,1/1/2023,2023-01-01,2025-10-05 04:41:23.547224,data/lms_loan_daily.csv,2023-01-01
CUS_0x79ff_2023_01_01,CUS_0x79ff,1/1/2023,10,0,10000,0,0,0,10000,1/1/2023,2023-01-01,2025-10-05 04:41:23.547224,data/lms_loan_daily.csv,2023-01-01
CUS_0x7a2d_2023_01_01,CUS_0x7a2d,1/1/2023,10,0,10000,0,0,0,10000,1/1/2023,2023-01-01,2025-10-05 04:41:23.547224,data/lms_loan_daily.csv,2023-01-01
CUS_0x7a77_2023_01_01,CUS_0x7a77,1/1/2023,10,0,10000,0,0,0,10000,1/1/2023,2023-01-01,2025-10-05 04:41:23.547224,data/lms_loan_daily.csv,2023-01-01
CUS_0x7a84_2023_01_01,CUS_0x7a84,1/1/2023,10,0,10000,0,0,0,10000,1/1/2023,2023-01-01,2025-10-05 04:41:23.547224,data/lms_loan_daily.csv,2023-01-01
CUS_0x7b31_2023_01_01,CUS_0x7b31,1/1/2023,10,0,10000,0,0,0,10000,1/1/2023,2023-01-01,2025-10-05 04:41:23.547224,data/lms_loan_daily.csv,2023-01-01
CUS_0x7b52_2023_01_01,CUS_0x7b52,1/1/2023,10,0,10000,0,0,0,10000,1/1/2023,2023-01-01,2025-10-05 04:41:23.547224,data/lms_loan_daily.csv,2023-01-01
CUS_0x7b90_2023_01_01,CUS_0x7b90,1/1/2023,10,0,10000,0,0,0,10000,1/1/2023,2023-01-01,2025-10-05 04:41:23.547224,data/lms_loan_daily.csv,2023-01-01
CUS_0x7bda_2023_01_01,CUS_0x7bda,1/1/2023,10,0,10000,0,0,0,10000,1/1/2023,2023-01-01,2025-10-05 04:41:23.547224,data/lms_loan_daily.csv,2023-01-01
CUS_0x7c00_2023_01_01,CUS_0x7c00,1/1/2023,10,0,10000,0,0,0,10000,1/1/2023,2023-01-01,2025-10-05 04:41:23.547224,data/lms_loan_daily.csv,2023-01-01
CUS_0x7c01_2023_01_01,CUS_0x7c01,1/1/2023,10,0,10000,0,0,0,10000,1/1/2023,2023-01-01,2025-10-05 04:41:23.547224,data/lms_loan_daily.csv,2023-01-01
CUS_0x7c13_2023_01_01,CUS_0x7c13,1/1/2023,10,0,10000,0,0,0,10000,1/1/2023,2023-01-01,2025-10-05 04:41:23.547224,data/lms_loan_daily.csv,2023-01-01
CUS_0x7c2f_2023_01_01,CUS_0x7c2f,1/1/2023,10,0,10000,0,0,0,10000,1/1/2023,2023-01-01,2025-10-05 04:41:23.547224,data/lms_loan_daily.csv,2023-01-01
CUS_0x7c58_2023_01_01,CUS_0x7c58,1/1/2023,10,0,10000,0,0,0,10000,1/1/2023,2023-01-01,2025-10-05 04:41:23.547224,data/lms_loan_daily.csv,2023-01-01
CUS_0x7c64_2023_01_01,CUS_0x7c64,1/1/2023,10,0,10000,0,0,0,10000,1/1/2023,2023-01-01,2025-10-05 04:41:23.547224,data/lms_loan_daily.csv,2023-01-01
CUS_0x7c66_2023_01_01,CUS_0x7c66,1/1/2023,10,0,10000,0,0,0,10000,1/1/2023,2023-01-01,2025-10-05 04:41:23.547224,data/lms_loan_daily.csv,2023-01-01
CUS_0x7cb9_2023_01_01,CUS_0x7cb9,1/1/2023,10,0,10000,0,0,0,10000,1/1/2023,2023-01-01,2025-10-05 04:41:23.547224,data/lms_loan_daily.csv,2023-01-01
CUS_0x7cfc_2023_01_01,CUS_0x7cfc,1/1/2023,10,0,10000,0,0,0,10000,1/1/2023,2023-01-01,2025-10-05 04:41:23.547224,data/lms_loan_daily.csv,2023-01-01
CUS_0x7dfb_2023_01_01,CUS_0x7dfb,1/1/2023,10,0,10000,0,0,0,10000,1/1/2023,2023-01-01,2025-10-05 04:41:23.547224,data/lms_loan_daily.csv,2023-01-01
CUS_0x7fc3_2023_01_01,CUS_0x7fc3,1/1/2023,10,0,10000,0,0,0,10000,1/1/2023,2023-01-01,2025-10-05 04:41:23.547224,data/lms_loan_daily.csv,2023-01-01
CUS_0x7fe2_2023_01_01,CUS_0x7fe2,1/1/2023,10,0,10000,0,0,0,10000,1/1/2023,2023-01-01,2025-10-05 04:41:23.547224,data/lms_loan_daily.csv,2023-01-01
CUS_0x8031_2023_01_01,CUS_0x8031,1/1/2023,10,0,10000,0,0,0,10000,1/1/2023,2023-01-01,2025-10-05 04:41:23.547224,data/lms_loan_daily.csv,2023-01-01
CUS_0x8034_2023_01_01,CUS_0x8034,1/1/2023,10,0,10000,0,0,0,10000,1/1/2023,2023-01-01,2025-10-05 04:41:23.547224,data/lms_loan_daily.csv,2023-01-01
CUS_0x8065_2023_01_01,CUS_0x8065,1/1/2023,10,0,10000,0,0,0,10000,1/1/2023,2023-01-01,2025-10-05 04:41:23.547224,data/lms_loan_daily.csv,2023-01-01
CUS_0x8171_2023_01_01,CUS_0x8171,1/1/2023,10,0,10000,0,0,0,10000,1/1/2023,2023-01-01,2025-10-05 04:41:23.547224,data/lms_loan_daily.csv,2023-01-01
CUS_0x81e6_2023_01_01,CUS_0x81e6,1/1/2023,10,0,10000,0,0,0,10000,1/1/2023,2023-01-01,2025-10-05 04:41:23.547224,data/lms_loan_daily.csv,2023-01-01
CUS_0x8207_2023_01_01,CUS_0x8207,1/1/2023,10,0,10000,0,0,0,10000,1/1/2023,2023-01-01,2025-10-05 04:41:23.547224,data/lms_loan_daily.csv,2023-01-01
CUS_0x82a7_2023_01_01,CUS_0x82a7,1/1/2023,10,0,10000,0,0,0,10000,1/1/2023,2023-01-01,2025-10-05 04:41:23.547224,data/lms_loan_daily.csv,2023-01-01
CUS_0x832d_2023_01_01,CUS_0x832d,1/1/2023,10,0,10000,0,0,0,10000,1/1/2023,2023-01-01,2025-10-05 04:41:23.547224,data/lms_loan_daily.csv,2023-01-01
CUS_0x8370_2023_01_01,CUS_0x8370,1/1/2023,10,0,10000,0,0,0,10000,1/1/2023,2023-01-01,2025-10-05 04:41:23.547224,data/lms_loan_daily.csv,2023-01-01
CUS_0x8376_2023_01_01,CUS_0x8376,1/1/2023,10,0,10000,0,0,0,10000,1/1/2023,2023-01-01,2025-10-05 04:41:23.547224,data/lms_loan_daily.csv,2023-01-01
CUS_0x846a_2023_01_01,CUS_0x846a,1/1/2023,10,0,10000,0,0,0,10000,1/1/2023,2023-01-01,2025-10-05 04:41:23.547224,data/lms_loan_daily.csv,2023-01-01
CUS_0x84a0_2023_01_01,CUS_0x84a0,1/1/2023,10,0,10000,0,0,0,10000,1/1/2023,2023-01-01,2025-10-05 04:41:23.547224,data/lms_loan_daily.csv,2023-01-01
CUS_0x8546_2023_01_01,CUS_0x8546,1/1/2023,10,0,10000,0,0,0,10000,1/1/2023,2023-01-01,2025-10-05 04:41:23.547224,data/lms_loan_daily.csv,2023-01-01
CUS_0x859d_2023_01_01,CUS_0x859d,1/1/2023,10,0,10000,0,0,0,10000,1/1/2023,2023-01-01,2025-10-05 04:41:23.547224,data/lms_loan_daily.csv,2023-01-01
CUS_0x8658_2023_01_01,CUS_0x8658,1/1/2023,10,0,10000,0,0,0,10000,1/1/2023,2023-01-01,2025-10-05 04:41:23.547224,data/lms_loan_daily.csv,2023-01-01
CUS_0x86be_2023_01_01,CUS_0x86be,1/1/2023,10,0,10000,0,0,0,10000,1/1/2023,2023-01-01,2025-10-05 04:41:23.547224,data/lms_loan_daily.csv,2023-01-01
CUS_0x86c7_2023_01_01,CUS_0x86c7,1/1/2023,10,0,10000,0,0,0,10000,1/1/2023,2023-01-01,2025-10-05 04:41:23.547224,data/lms_loan_daily.csv,2023-01-01
CUS_0x86ed_2023_01_01,CUS_0x86ed,1/1/2023,10,0,10000,0,0,0,10000,1/1/2023,2023-01-01,2025-10-05 04:41:23.547224,data/lms_loan_daily.csv,2023-01-01
CUS_0x8704_2023_01_01,CUS_0x8704,1/1/2023,10,0,10000,0,0,0,10000,1/1/2023,2023-01-01,2025-10-05 04:41:23.547224,data/lms_loan_daily.csv,2023-01-01
CUS_0x873b_2023_01_01,CUS_0x873b,1/1/2023,10,0,10000,0,0,0,10000,1/1/2023,2023-01-01,2025-10-05 04:41:23.547224,data/lms_loan_daily.csv,2023-01-01
CUS_0x87fa_2023_01_01,CUS_0x87fa,1/1/2023,10,0,10000,0,0,0,10000,1/1/2023,2023-01-01,2025-10-05 04:41:23.547224,data/lms_loan_daily.csv,2023-01-01
CUS_0x887f_2023_01_01,CUS_0x887f,1/1/2023,10,0,10000,0,0,0,10000,1/1/2023,2023-01-01,2025-10-05 04:41:23.547224,data/lms_loan_daily.csv,2023-01-01
CUS_0x8919_2023_01_01,CUS_0x8919,1/1/2023,10,0,10000,0,0,0,10000,1/1/2023,2023-01-01,2025-10-05 04:41:23.547224,data/lms_loan_daily.csv,2023-01-01
CUS_0x891b_2023_01_01,CUS_0x891b,1/1/2023,10,0,10000,0,0,0,10000,1/1/2023,2023-01-01,2025-10-05 04:41:23.547224,data/lms_loan_daily.csv,2023-01-01
CUS_0x893e_2023_01_01,CUS_0x893e,1/1/2023,10,0,10000,0,0,0,10000,1/1/2023,2023-01-01,2025-10-05 04:41:23.547224,data/lms_loan_daily.csv,2023-01-01
CUS_0x8956_2023_01_01,CUS_0x8956,1/1/2023,10,0,10000,0,0,0,10000,1/1/2023,2023-01-01,2025-10-05 04:41:23.547224,data/lms_loan_daily.csv,2023-01-01
CUS_0x8983_2023_01_01,CUS_0x8983,1/1/2023,10,0,10000,0,0,0,10000,1/1/2023,2023-01-01,2025-10-05 04:41:23.547224,data/lms_loan_daily.csv,2023-01-01
CUS_0x89a_2023_01_01,CUS_0x89a,1/1/2023,10,0,10000,0,0,0,10000,1/1/2023,2023-01-01,2025-10-05 04:41:23.547224,data/lms_loan_daily.csv,2023-01-01
CUS_0x89ca_2023_01_01,CUS_0x89ca,1/1/2023,10,0,10000,0,0,0,10000,1/1/2023,2023-01-01,2025-10-05 04:41:23.547224,data/lms_loan_daily.csv,2023-01-01
CUS_0x89d3_2023_01_01,CUS_0x89d3,1/1/2023,10,0,10000,0,0,0,10000,1/1/2023,2023-01-01,2025-10-05 04:41:23.547224,data/lms_loan_daily.csv,2023-01-01
CUS_0x8a3c_2023_01_01,CUS_0x8a3c,1/1/2023,10,0,10000,0,0,0,10000,1/1/2023,2023-01-01,2025-10-05 04:41:23.547224,data/lms_loan_daily.csv,2023-01-01
CUS_0x8a44_2023_01_01,CUS_0x8a44,1/1/2023,10,0,10000,0,0,0,10000,1/1/2023,2023-01-01,2025-10-05 04:41:23.547224,data/lms_loan_daily.csv,2023-01-01
CUS_0x8a6e_2023_01_01,CUS_0x8a6e,1/1/2023,10,0,10000,0,0,0,10000,1/1/2023,2023-01-01,2025-10-05 04:41:23.547224,data/lms_loan_daily.csv,2023-01-01
CUS_0x8af8_2023_01_01,CUS_0x8af8,1/1/2023,10,0,10000,0,0,0,10000,1/1/2023,2023-01-01,2025-10-05 04:41:23.547224,data/lms_loan_daily.csv,2023-01-01
CUS_0x8b1_2023_01_01,CUS_0x8b1,1/1/2023,10,0,10000,0,0,0,10000,1/1/2023,2023-01-01,2025-10-05 04:41:23.547224,data/lms_loan_daily.csv,2023-01-01
CUS_0x8b17_2023_01_01,CUS_0x8b17,1/1/2023,10,0,10000,0,0,0,10000,1/1/2023,2023-01-01,2025-10-05 04:41:23.547224,data/lms_loan_daily.csv,2023-01-01
CUS_0x8c2c_2023_01_01,CUS_0x8c2c,1/1/2023,10,0,10000,0,0,0,10000,1/1/2023,2023-01-01,2025-10-05 04:41:23.547224,data/lms_loan_daily.csv,2023-01-01
CUS_0x8c9a_2023_01_01,CUS_0x8c9a,1/1/2023,10,0,10000,0,0,0,10000,1/1/2023,2023-01-01,2025-10-05 04:41:23.547224,data/lms_loan_daily.csv,2023-01-01
CUS_0x8d21_2023_01_01,CUS_0x8d21,1/1/2023,10,0,10000,0,0,0,10000,1/1/2023,2023-01-01,2025-10-05 04:41:23.547224,data/lms_loan_daily.csv,2023-01-01
CUS_0x8de0_2023_01_01,CUS_0x8de0,1/1/2023,10,0,10000,0,0,0,10000,1/1/2023,2023-01-01,2025-10-05 04:41:23.547224,data/lms_loan_daily.csv,2023-01-01
CUS_0x8e30_2023_01_01,CUS_0x8e30,1/1/2023,10,0,10000,0,0,0,10000,1/1/2023,2023-01-01,2025-10-05 04:41:23.547224,data/lms_loan_daily.csv,2023-01-01
CUS_0x8e44_2023_01_01,CUS_0x8e44,1/1/2023,10,0,10000,0,0,0,10000,1/1/2023,2023-01-01,2025-10-05 04:41:23.547224,data/lms_loan_daily.csv,2023-01-01
CUS_0x8e90_2023_01_01,CUS_0x8e90,1/1/2023,10,0,10000,0,0,0,10000,1/1/2023,2023-01-01,2025-10-05 04:41:23.547224,data/lms_loan_daily.csv,2023-01-01
CUS_0x8f4e_2023_01_01,CUS_0x8f4e,1/1/2023,10,0,10000,0,0,0,10000,1/1/2023,2023-01-01,2025-10-05 04:41:23.547224,data/lms_loan_daily.csv,2023-01-01
CUS_0x8f7e_2023_01_01,CUS_0x8f7e,1/1/2023,10,0,10000,0,0,0,10000,1/1/2023,2023-01-01,2025-10-05 04:41:23.547224,data/lms_loan_daily.csv,2023-01-01
CUS_0x8fb4_2023_01_01,CUS_0x8fb4,1/1/2023,10,0,10000,0,0,0,10000,1/1/2023,2023-01-01,2025-10-05 04:41:23.547224,data/lms_loan_daily.csv,2023-01-01
CUS_0x9102_2023_01_01,CUS_0x9102,1/1/2023,10,0,10000,0,0,0,10000,1/1/2023,2023-01-01,2025-10-05 04:41:23.547224,data/lms_loan_daily.csv,2023-01-01
CUS_0x9124_2023_01_01,CUS_0x9124,1/1/2023,10,0,10000,0,0,0,10000,1/1/2023,2023-01-01,2025-10-05 04:41:23.547224,data/lms_loan_daily.csv,2023-01-01
CUS_0x9154_2023_01_01,CUS_0x9154,1/1/2023,10,0,10000,0,0,0,10000,1/1/2023,2023-01-01,2025-10-05 04:41:23.547224,data/lms_loan_daily.csv,2023-01-01
CUS_0x9190_2023_01_01,CUS_0x9190,1/1/2023,10,0,10000,0,0,0,10000,1/1/2023,2023-01-01,2025-10-05 04:41:23.547224,data/lms_loan_daily.csv,2023-01-01
CUS_0x9230_2023_01_01,CUS_0x9230,1/1/2023,10,0,10000,0,0,0,10000,1/1/2023,2023-01-01,2025-10-05 04:41:23.547224,data/lms_loan_daily.csv,2023-01-01
CUS_0x9273_2023_01_01,CUS_0x9273,1/1/2023,10,0,10000,0,0,0,10000,1/1/2023,2023-01-01,2025-10-05 04:41:23.547224,data/lms_loan_daily.csv,2023-01-01
CUS_0x9278_2023_01_01,CUS_0x9278,1/1/2023,10,0,10000,0,0,0,10000,1/1/2023,2023-01-01,2025-10-05 04:41:23.547224,data/lms_loan_daily.csv,2023-01-01
CUS_0x928f_2023_01_01,CUS_0x928f,1/1/2023,10,0,10000,0,0,0,10000,1/1/2023,2023-01-01,2025-10-05 04:41:23.547224,data/lms_loan_daily.csv,2023-01-01
CUS_0x929a_2023_01_01,CUS_0x929a,1/1/2023,10,0,10000,0,0,0,10000,1/1/2023,2023-01-01,2025-10-05 04:41:23.547224,data/lms_loan_daily.csv,2023-01-01
CUS_0x929c_2023_01_01,CUS_0x929c,1/1/2023,10,0,10000,0,0,0,10000,1/1/2023,2023-01-01,2025-10-05 04:41:23.547224,data/lms_loan_daily.csv,2023-01-01
CUS_0x92d6_2023_01_01,CUS_0x92d6,1/1/2023,10,0,10000,0,0,0,10000,1/1/2023,2023-01-01,2025-10-05 04:41:23.547224,data/lms_loan_daily.csv,2023-01-01
CUS_0x92f0_2023_01_01,CUS_0x92f0,1/1/2023,10,0,10000,0,0,0,10000,1/1/2023,2023-01-01,2025-10-05 04:41:23.547224,data/lms_loan_daily.csv,2023-01-01
CUS_0x9357_2023_01_01,CUS_0x9357,1/1/2023,10,0,10000,0,0,0,10000,1/1/2023,2023-01-01,2025-10-05 04:41:23.547224,data/lms_loan_daily.csv,2023-01-01
CUS_0x93a0_2023_01_01,CUS_0x93a0,1/1/2023,10,0,10000,0,0,0,10000,1/1/2023,2023-01-01,2025-10-05 04:41:23.547224,data/lms_loan_daily.csv,2023-01-01
CUS_0x9435_2023_01_01,CUS_0x9435,1/1/2023,10,0,10000,0,0,0,10000,1/1/2023,2023-01-01,2025-10-05 04:41:23.547224,data/lms_loan_daily.csv,2023-01-01
CUS_0x948f_2023_01_01,CUS_0x948f,1/1/2023,10,0,10000,0,0,0,10000,1/1/2023,2023-01-01,2025-10-05 04:41:23.547224,data/lms_loan_daily.csv,2023-01-01
CUS_0x950d_2023_01_01,CUS_0x950d,1/1/2023,10,0,10000,0,0,0,10000,1/1/2023,2023-01-01,2025-10-05 04:41:23.547224,data/lms_loan_daily.csv,2023-01-01
CUS_0x95aa_2023_01_01,CUS_0x95aa,1/1/2023,10,0,10000,0,0,0,10000,1/1/2023,2023-01-01,2025-10-05 04:41:23.547224,data/lms_loan_daily.csv,2023-01-01
CUS_0x962f_2023_01_01,CUS_0x962f,1/1/2023,10,0,10000,0,0,0,10000,1/1/2023,2023-01-01,2025-10-05 04:41:23.547224,data/lms_loan_daily.csv,2023-01-01
CUS_0x96a2_2023_01_01,CUS_0x96a2,1/1/2023,10,0,10000,0,0,0,10000,1/1/2023,2023-01-01,2025-10-05 04:41:23.547224,data/lms_loan_daily.csv,2023-01-01
CUS_0x970f_2023_01_01,CUS_0x970f,1/1/2023,10,0,10000,0,0,0,10000,1/1/2023,2023-01-01,2025-10-05 04:41:23.547224,data/lms_loan_daily.csv,2023-01-01
CUS_0x972d_2023_01_01,CUS_0x972d,1/1/2023,10,0,10000,0,0,0,10000,1/1/2023,2023-01-01,2025-10-05 04:41:23.547224,data/lms_loan_daily.csv,2023-01-01
CUS_0x97ab_2023_01_01,CUS_0x97ab,1/1/2023,10,0,10000,0,0,0,10000,1/1/2023,2023-01-01,2025-10-05 04:41:23.547224,data/lms_loan_daily.csv,2023-01-01
CUS_0x97b_2023_01_01,CUS_0x97b,1/1/2023,10,0,10000,0,0,0,10000,1/1/2023,2023-01-01,2025-10-05 04:41:23.547224,data/lms_loan_daily.csv,2023-01-01
CUS_0x97bd_2023_01_01,CUS_0x97bd,1/1/2023,10,0,10000,0,0,0,10000,1/1/2023,2023-01-01,2025-10-05 04:41:23.547224,data/lms_loan_daily.csv,2023-01-01
CUS_0x9805_2023_01_01,CUS_0x9805,1/1/2023,10,0,10000,0,0,0,10000,1/1/2023,2023-01-01,2025-10-05 04:41:23.547224,data/lms_loan_daily.csv,2023-01-01
CUS_0x988c_2023_01_01,CUS_0x988c,1/1/2023,10,0,10000,0,0,0,10000,1/1/2023,2023-01-01,2025-10-05 04:41:23.547224,data/lms_loan_daily.csv,2023-01-01
CUS_0x9916_2023_01_01,CUS_0x9916,1/1/2023,10,0,10000,0,0,0,10000,1/1/2023,2023-01-01,2025-10-05 04:41:23.547224,data/lms_loan_daily.csv,2023-01-01
CUS_0x9979_2023_01_01,CUS_0x9979,1/1/2023,10,0,10000,0,0,0,10000,1/1/2023,2023-01-01,2025-10-05 04:41:23.547224,data/lms_loan_daily.csv,2023-01-01
CUS_0x9985_2023_01_01,CUS_0x9985,1/1/2023,10,0,10000,0,0,0,10000,1/1/2023,2023-01-01,2025-10-05 04:41:23.547224,data/lms_loan_daily.csv,2023-01-01
CUS_0x9a55_2023_01_01,CUS_0x9a55,1/1/2023,10,0,10000,0,0,0,10000,1/1/2023,2023-01-01,2025-10-05 04:41:23.547224,data/lms_loan_daily.csv,2023-01-01
CUS_0x9a71_2023_01_01,CUS_0x9a71,1/1/2023,10,0,10000,0,0,0,10000,1/1/2023,2023-01-01,2025-10-05 04:41:23.547224,data/lms_loan_daily.csv,2023-01-01
CUS_0x9b24_2023_01_01,CUS_0x9b24,1/1/2023,10,0,10000,0,0,0,10000,1/1/2023,2023-01-01,2025-10-05 04:41:23.547224,data/lms_loan_daily.csv,2023-01-01
CUS_0x9bef_2023_01_01,CUS_0x9bef,1/1/2023,10,0,10000,0,0,0,10000,1/1/2023,2023-01-01,2025-10-05 04:41:23.547224,data/lms_loan_daily.csv,2023-01-01
CUS_0x9c67_2023_01_01,CUS_0x9c67,1/1/2023,10,0,10000,0,0,0,10000,1/1/2023,2023-01-01,2025-10-05 04:41:23.547224,data/lms_loan_daily.csv,2023-01-01
CUS_0x9ce6_2023_01_01,CUS_0x9ce6,1/1/2023,10,0,10000,0,0,0,10000,1/1/2023,2023-01-01,2025-10-05 04:41:23.547224,data/lms_loan_daily.csv,2023-01-01
CUS_0x9e02_2023_01_01,CUS_0x9e02,1/1/2023,10,0,10000,0,0,0,10000,1/1/2023,2023-01-01,2025-10-05 04:41:23.547224,data/lms_loan_daily.csv,2023-01-01
CUS_0x9e09_2023_01_01,CUS_0x9e09,1/1/2023,10,0,10000,0,0,0,10000,1/1/2023,2023-01-01,2025-10-05 04:41:23.547224,data/lms_loan_daily.csv,2023-01-01
CUS_0x9e6a_2023_01_01,CUS_0x9e6a,1/1/2023,10,0,10000,0,0,0,10000,1/1/2023,2023-01-01,2025-10-05 04:41:23.547224,data/lms_loan_daily.csv,2023-01-01
CUS_0x9f91_2023_01_01,CUS_0x9f91,1/1/2023,10,0,10000,0,0,0,10000,1/1/2023,2023-01-01,2025-10-05 04:41:23.547224,data/lms_loan_daily.csv,2023-01-01
CUS_0xa0c_2023_01_01,CUS_0xa0c,1/1/2023,10,0,10000,0,0,0,10000,1/1/2023,2023-01-01,2025-10-05 04:41:23.547224,data/lms_loan_daily.csv,2023-01-01
CUS_0xa134_2023_01_01,CUS_0xa134,1/1/2023,10,0,10000,0,0,0,10000,1/1/2023,2023-01-01,2025-10-05 04:41:23.547224,data/lms_loan_daily.csv,2023-01-01
CUS_0xa146_2023_01_01,CUS_0xa146,1/1/2023,10,0,10000,0,0,0,10000,1/1/2023,2023-01-01,2025-10-05 04:41:23.547224,data/lms_loan_daily.csv,2023-01-01
CUS_0xa182_2023_01_01,CUS_0xa182,1/1/2023,10,0,10000,0,0,0,10000,1/1/2023,2023-01-01,2025-10-05 04:41:23.547224,data/lms_loan_daily.csv,2023-01-01
CUS_0xa187_2023_01_01,CUS_0xa187,1/1/2023,10,0,10000,0,0,0,10000,1/1/2023,2023-01-01,2025-10-05 04:41:23.547224,data/lms_loan_daily.csv,2023-01-01
CUS_0xa1bb_2023_01_01,CUS_0xa1bb,1/1/2023,10,0,10000,0,0,0,10000,1/1/2023,2023-01-01,2025-10-05 04:41:23.547224,data/lms_loan_daily.csv,2023-01-01
CUS_0xa203_2023_01_01,CUS_0xa203,1/1/2023,10,0,10000,0,0,0,10000,1/1/2023,2023-01-01,2025-10-05 04:41:23.547224,data/lms_loan_daily.csv,2023-01-01
CUS_0xa20d_2023_01_01,CUS_0xa20d,1/1/2023,10,0,10000,0,0,0,10000,1/1/2023,2023-01-01,2025-10-05 04:41:23.547224,data/lms_loan_daily.csv,2023-01-01
CUS_0xa2c0_2023_01_01,CUS_0xa2c0,1/1/2023,10,0,10000,0,0,0,10000,1/1/2023,2023-01-01,2025-10-05 04:41:23.547224,data/lms_loan_daily.csv,2023-01-01
CUS_0xa2ee_2023_01_01,CUS_0xa2ee,1/1/2023,10,0,10000,0,0,0,10000,1/1/2023,2023-01-01,2025-10-05 04:41:23.547224,data/lms_loan_daily.csv,2023-01-01
CUS_0xa408_2023_01_01,CUS_0xa408,1/1/2023,10,0,10000,0,0,0,10000,1/1/2023,2023-01-01,2025-10-05 04:41:23.547224,data/lms_loan_daily.csv,2023-01-01
CUS_0xa422_2023_01_01,CUS_0xa422,1/1/2023,10,0,10000,0,0,0,10000,1/1/2023,2023-01-01,2025-10-05 04:41:23.547224,data/lms_loan_daily.csv,2023-01-01
CUS_0xa423_2023_01_01,CUS_0xa423,1/1/2023,10,0,10000,0,0,0,10000,1/1/2023,2023-01-01,2025-10-05 04:41:23.547224,data/lms_loan_daily.csv,2023-01-01
CUS_0xa463_2023_01_01,CUS_0xa463,1/1/2023,10,0,10000,0,0,0,10000,1/1/2023,2023-01-01,2025-10-05 04:41:23.547224,data/lms_loan_daily.csv,2023-01-01
CUS_0xa488_2023_01_01,CUS_0xa488,1/1/2023,10,0,10000,0,0,0,10000,1/1/2023,2023-01-01,2025-10-05 04:41:23.547224,data/lms_loan_daily.csv,2023-01-01
CUS_0xa52_2023_01_01,CUS_0xa52,1/1/2023,10,0,10000,0,0,0,10000,1/1/2023,2023-01-01,2025-10-05 04:41:23.547224,data/lms_loan_daily.csv,2023-01-01
CUS_0xa54d_2023_01_01,CUS_0xa54d,1/1/2023,10,0,10000,0,0,0,10000,1/1/2023,2023-01-01,2025-10-05 04:41:23.547224,data/lms_loan_daily.csv,2023-01-01
CUS_0xa5c_2023_01_01,CUS_0xa5c,1/1/2023,10,0,10000,0,0,0,10000,1/1/2023,2023-01-01,2025-10-05 04:41:23.547224,data/lms_loan_daily.csv,2023-01-01
CUS_0xa5e6_2023_01_01,CUS_0xa5e6,1/1/2023,10,0,10000,0,0,0,10000,1/1/2023,2023-01-01,2025-10-05 04:41:23.547224,data/lms_loan_daily.csv,2023-01-01
CUS_0xa5e9_2023_01_01,CUS_0xa5e9,1/1/2023,10,0,10000,0,0,0,10000,1/1/2023,2023-01-01,2025-10-05 04:41:23.547224,data/lms_loan_daily.csv,2023-01-01
CUS_0xa65_2023_01_01,CUS_0xa65,1/1/2023,10,0,10000,0,0,0,10000,1/1/2023,2023-01-01,2025-10-05 04:41:23.547224,data/lms_loan_daily.csv,2023-01-01
CUS_0xa6d9_2023_01_01,CUS_0xa6d9,1/1/2023,10,0,10000,0,0,0,10000,1/1/2023,2023-01-01,2025-10-05 04:41:23.547224,data/lms_loan_daily.csv,2023-01-01
CUS_0xa801_2023_01_01,CUS_0xa801,1/1/2023,10,0,10000,0,0,0,10000,1/1/2023,2023-01-01,2025-10-05 04:41:23.547224,data/lms_loan_daily.csv,2023-01-01
CUS_0xa83_2023_01_01,CUS_0xa83,1/1/2023,10,0,10000,0,0,0,10000,1/1/2023,2023-01-01,2025-10-05 04:41:23.547224,data/lms_loan_daily.csv,2023-01-01
CUS_0xa8c6_2023_01_01,CUS_0xa8c6,1/1/2023,10,0,10000,0,0,0,10000,1/1/2023,2023-01-01,2025-10-05 04:41:23.547224,data/lms_loan_daily.csv,2023-01-01
CUS_0xa918_2023_01_01,CUS_0xa918,1/1/2023,10,0,10000,0,0,0,10000,1/1/2023,2023-01-01,2025-10-05 04:41:23.547224,data/lms_loan_daily.csv,2023-01-01
CUS_0xa9a_2023_01_01,CUS_0xa9a,1/1/2023,10,0,10000,0,0,0,10000,1/1/2023,2023-01-01,2025-10-05 04:41:23.547224,data/lms_loan_daily.csv,2023-01-01
CUS_0xaa8e_2023_01_01,CUS_0xaa8e,1/1/2023,10,0,10000,0,0,0,10000,1/1/2023,2023-01-01,2025-10-05 04:41:23.547224,data/lms_loan_daily.csv,2023-01-01
CUS_0xaaff_2023_01_01,CUS_0xaaff,1/1/2023,10,0,10000,0,0,0,10000,1/1/2023,2023-01-01,2025-10-05 04:41:23.547224,data/lms_loan_daily.csv,2023-01-01
CUS_0xabf2_2023_01_01,CUS_0xabf2,1/1/2023,10,0,10000,0,0,0,10000,1/1/2023,2023-01-01,2025-10-05 04:41:23.547224,data/lms_loan_daily.csv,2023-01-01
CUS_0xac46_2023_01_01,CUS_0xac46,1/1/2023,10,0,10000,0,0,0,10000,1/1/2023,2023-01-01,2025-10-05 04:41:23.547224,data/lms_loan_daily.csv,2023-01-01
CUS_0xac7c_2023_01_01,CUS_0xac7c,1/1/2023,10,0,10000,0,0,0,10000,1/1/2023,2023-01-01,2025-10-05 04:41:23.547224,data/lms_loan_daily.csv,2023-01-01
CUS_0xaca7_2023_01_01,CUS_0xaca7,1/1/2023,10,0,10000,0,0,0,10000,1/1/2023,2023-01-01,2025-10-05 04:41:23.547224,data/lms_loan_daily.csv,2023-01-01
CUS_0xacab_2023_01_01,CUS_0xacab,1/1/2023,10,0,10000,0,0,0,10000,1/1/2023,2023-01-01,2025-10-05 04:41:23.547224,data/lms_loan_daily.csv,2023-01-01
CUS_0xacfa_2023_01_01,CUS_0xacfa,1/1/2023,10,0,10000,0,0,0,10000,1/1/2023,2023-01-01,2025-10-05 04:41:23.547224,data/lms_loan_daily.csv,2023-01-01
CUS_0xad13_2023_01_01,CUS_0xad13,1/1/2023,10,0,10000,0,0,0,10000,1/1/2023,2023-01-01,2025-10-05 04:41:23.547224,data/lms_loan_daily.csv,2023-01-01
CUS_0xad1d_2023_01_01,CUS_0xad1d,1/1/2023,10,0,10000,0,0,0,10000,1/1/2023,2023-01-01,2025-10-05 04:41:23.547224,data/lms_loan_daily.csv,2023-01-01
CUS_0xad90_2023_01_01,CUS_0xad90,1/1/2023,10,0,10000,0,0,0,10000,1/1/2023,2023-01-01,2025-10-05 04:41:23.547224,data/lms_loan_daily.csv,2023-01-01
CUS_0xadb2_2023_01_01,CUS_0xadb2,1/1/2023,10,0,10000,0,0,0,10000,1/1/2023,2023-01-01,2025-10-05 04:41:23.547224,data/lms_loan_daily.csv,2023-01-01
CUS_0xadb8_2023_01_01,CUS_0xadb8,1/1/2023,10,0,10000,0,0,0,10000,1/1/2023,2023-01-01,2025-10-05 04:41:23.547224,data/lms_loan_daily.csv,2023-01-01
CUS_0xae51_2023_01_01,CUS_0xae51,1/1/2023,10,0,10000,0,0,0,10000,1/1/2023,2023-01-01,2025-10-05 04:41:23.547224,data/lms_loan_daily.csv,2023-01-01
CUS_0xae6a_2023_01_01,CUS_0xae6a,1/1/2023,10,0,10000,0,0,0,10000,1/1/2023,2023-01-01,2025-10-05 04:41:23.547224,data/lms_loan_daily.csv,2023-01-01
CUS_0xae7d_2023_01_01,CUS_0xae7d,1/1/2023,10,0,10000,0,0,0,10000,1/1/2023,2023-01-01,2025-10-05 04:41:23.547224,data/lms_loan_daily.csv,2023-01-01
CUS_0xae9e_2023_01_01,CUS_0xae9e,1/1/2023,10,0,10000,0,0,0,10000,1/1/2023,2023-01-01,2025-10-05 04:41:23.547224,data/lms_loan_daily.csv,2023-01-01
CUS_0xaebc_2023_01_01,CUS_0xaebc,1/1/2023,10,0,10000,0,0,0,10000,1/1/2023,2023-01-01,2025-10-05 04:41:23.547224,data/lms_loan_daily.csv,2023-01-01
CUS_0xaf09_2023_01_01,CUS_0xaf09,1/1/2023,10,0,10000,0,0,0,10000,1/1/2023,2023-01-01,2025-10-05 04:41:23.547224,data/lms_loan_daily.csv,2023-01-01
CUS_0xafb5_2023_01_01,CUS_0xafb5,1/1/2023,10,0,10000,0,0,0,10000,1/1/2023,2023-01-01,2025-10-05 04:41:23.547224,data/lms_loan_daily.csv,2023-01-01
CUS_0xb0bd_2023_01_01,CUS_0xb0bd,1/1/2023,10,0,10000,0,0,0,10000,1/1/2023,2023-01-01,2025-10-05 04:41:23.547224,data/lms_loan_daily.csv,2023-01-01
CUS_0xb0c4_2023_01_01,CUS_0xb0c4,1/1/2023,10,0,10000,0,0,0,10000,1/1/2023,2023-01-01,2025-10-05 04:41:23.547224,data/lms_loan_daily.csv,2023-01-01
CUS_0xb0e4_2023_01_01,CUS_0xb0e4,1/1/2023,10,0,10000,0,0,0,10000,1/1/2023,2023-01-01,2025-10-05 04:41:23.547224,data/lms_loan_daily.csv,2023-01-01
CUS_0xb1f5_2023_01_01,CUS_0xb1f5,1/1/2023,10,0,10000,0,0,0,10000,1/1/2023,2023-01-01,2025-10-05 04:41:23.547224,data/lms_loan_daily.csv,2023-01-01
CUS_0xb220_2023_01_01,CUS_0xb220,1/1/2023,10,0,10000,0,0,0,10000,1/1/2023,2023-01-01,2025-10-05 04:41:23.547224,data/lms_loan_daily.csv,2023-01-01
CUS_0xb2b8_2023_01_01,CUS_0xb2b8,1/1/2023,10,0,10000,0,0,0,10000,1/1/2023,2023-01-01,2025-10-05 04:41:23.547224,data/lms_loan_daily.csv,2023-01-01
CUS_0xb381_2023_01_01,CUS_0xb381,1/1/2023,10,0,10000,0,0,0,10000,1/1/2023,2023-01-01,2025-10-05 04:41:23.547224,data/lms_loan_daily.csv,2023-01-01
CUS_0xb3f4_2023_01_01,CUS_0xb3f4,1/1/2023,10,0,10000,0,0,0,10000,1/1/2023,2023-01-01,2025-10-05 04:41:23.547224,data/lms_loan_daily.csv,2023-01-01
CUS_0xb403_2023_01_01,CUS_0xb403,1/1/2023,10,0,10000,0,0,0,10000,1/1/2023,2023-01-01,2025-10-05 04:41:23.547224,data/lms_loan_daily.csv,2023-01-01
CUS_0xb41f_2023_01_01,CUS_0xb41f,1/1/2023,10,0,10000,0,0,0,10000,1/1/2023,2023-01-01,2025-10-05 04:41:23.547224,data/lms_loan_daily.csv,2023-01-01
CUS_0xb424_2023_01_01,CUS_0xb424,1/1/2023,10,0,10000,0,0,0,10000,1/1/2023,2023-01-01,2025-10-05 04:41:23.547224,data/lms_loan_daily.csv,2023-01-01
CUS_0xb437_2023_01_01,CUS_0xb437,1/1/2023,10,0,10000,0,0,0,10000,1/1/2023,2023-01-01,2025-10-05 04:41:23.547224,data/lms_loan_daily.csv,2023-01-01
CUS_0xb46_2023_01_01,CUS_0xb46,1/1/2023,10,0,10000,0,0,0,10000,1/1/2023,2023-01-01,2025-10-05 04:41:23.547224,data/lms_loan_daily.csv,2023-01-01
CUS_0xb4d8_2023_01_01,CUS_0xb4d8,1/1/2023,10,0,10000,0,0,0,10000,1/1/2023,2023-01-01,2025-10-05 04:41:23.547224,data/lms_loan_daily.csv,2023-01-01
CUS_0xb51c_2023_01_01,CUS_0xb51c,1/1/2023,10,0,10000,0,0,0,10000,1/1/2023,2023-01-01,2025-10-05 04:41:23.547224,data/lms_loan_daily.csv,2023-01-01
CUS_0xb64a_2023_01_01,CUS_0xb64a,1/1/2023,10,0,10000,0,0,0,10000,1/1/2023,2023-01-01,2025-10-05 04:41:23.547224,data/lms_loan_daily.csv,2023-01-01
CUS_0xb662_2023_01_01,CUS_0xb662,1/1/2023,10,0,10000,0,0,0,10000,1/1/2023,2023-01-01,2025-10-05 04:41:23.547224,data/lms_loan_daily.csv,2023-01-01
CUS_0xb67c_2023_01_01,CUS_0xb67c,1/1/2023,10,0,10000,0,0,0,10000,1/1/2023,2023-01-01,2025-10-05 04:41:23.547224,data/lms_loan_daily.csv,2023-01-01
CUS_0xb685_2023_01_01,CUS_0xb685,1/1/2023,10,0,10000,0,0,0,10000,1/1/2023,2023-01-01,2025-10-05 04:41:23.547224,data/lms_loan_daily.csv,2023-01-01
CUS_0xb6e3_2023_01_01,CUS_0xb6e3,1/1/2023,10,0,10000,0,0,0,10000,1/1/2023,2023-01-01,2025-10-05 04:41:23.547224,data/lms_loan_daily.csv,2023-01-01
CUS_0xb73_2023_01_01,CUS_0xb73,1/1/2023,10,0,10000,0,0,0,10000,1/1/2023,2023-01-01,2025-10-05 04:41:23.547224,data/lms_loan_daily.csv,2023-01-01
CUS_0xb745_2023_01_01,CUS_0xb745,1/1/2023,10,0,10000,0,0,0,10000,1/1/2023,2023-01-01,2025-10-05 04:41:23.547224,data/lms_loan_daily.csv,2023-01-01
CUS_0xb875_2023_01_01,CUS_0xb875,1/1/2023,10,0,10000,0,0,0,10000,1/1/2023,2023-01-01,2025-10-05 04:41:23.547224,data/lms_loan_daily.csv,2023-01-01
CUS_0xb8b9_2023_01_01,CUS_0xb8b9,1/1/2023,10,0,10000,0,0,0,10000,1/1/2023,2023-01-01,2025-10-05 04:41:23.547224,data/lms_loan_daily.csv,2023-01-01
CUS_0xb915_2023_01_01,CUS_0xb915,1/1/2023,10,0,10000,0,0,0,10000,1/1/2023,2023-01-01,2025-10-05 04:41:23.547224,data/lms_loan_daily.csv,2023-01-01
CUS_0xb93e_2023_01_01,CUS_0xb93e,1/1/2023,10,0,10000,0,0,0,10000,1/1/2023,2023-01-01,2025-10-05 04:41:23.547224,data/lms_loan_daily.csv,2023-01-01
CUS_0xba9d_2023_01_01,CUS_0xba9d,1/1/2023,10,0,10000,0,0,0,10000,1/1/2023,2023-01-01,2025-10-05 04:41:23.547224,data/lms_loan_daily.csv,2023-01-01
CUS_0xbbe4_2023_01_01,CUS_0xbbe4,1/1/2023,10,0,10000,0,0,0,10000,1/1/2023,2023-01-01,2025-10-05 04:41:23.547224,data/lms_loan_daily.csv,2023-01-01
CUS_0xbca6_2023_01_01,CUS_0xbca6,1/1/2023,10,0,10000,0,0,0,10000,1/1/2023,2023-01-01,2025-10-05 04:41:23.547224,data/lms_loan_daily.csv,2023-01-01
CUS_0xbd1f_2023_01_01,CUS_0xbd1f,1/1/2023,10,0,10000,0,0,0,10000,1/1/2023,2023-01-01,2025-10-05 04:41:23.547224,data/lms_loan_daily.csv,2023-01-01
CUS_0xbd8f_2023_01_01,CUS_0xbd8f,1/1/2023,10,0,10000,0,0,0,10000,1/1/2023,2023-01-01,2025-10-05 04:41:23.547224,data/lms_loan_daily.csv,2023-01-01
CUS_0xbf01_2023_01_01,CUS_0xbf01,1/1/2023,10,0,10000,0,0,0,10000,1/1/2023,2023-01-01,2025-10-05 04:41:23.547224,data/lms_loan_daily.csv,2023-01-01
CUS_0xbf38_2023_01_01,CUS_0xbf38,1/1/2023,10,0,10000,0,0,0,10000,1/1/2023,2023-01-01,2025-10-05 04:41:23.547224,data/lms_loan_daily.csv,2023-01-01
CUS_0xbf55_2023_01_01,CUS_0xbf55,1/1/2023,10,0,10000,0,0,0,10000,1/1/2023,2023-01-01,2025-10-05 04:41:23.547224,data/lms_loan_daily.csv,2023-01-01
CUS_0xc010_2023_01_01,CUS_0xc010,1/1/2023,10,0,10000,0,0,0,10000,1/1/2023,2023-01-01,2025-10-05 04:41:23.547224,data/lms_loan_daily.csv,2023-01-01
CUS_0xc055_2023_01_01,CUS_0xc055,1/1/2023,10,0,10000,0,0,0,10000,1/1/2023,2023-01-01,2025-10-05 04:41:23.547224,data/lms_loan_daily.csv,2023-01-01
CUS_0xc063_2023_01_01,CUS_0xc063,1/1/2023,10,0,10000,0,0,0,10000,1/1/2023,2023-01-01,2025-10-05 04:41:23.547224,data/lms_loan_daily.csv,2023-01-01
CUS_0xc0f6_2023_01_01,CUS_0xc0f6,1/1/2023,10,0,10000,0,0,0,10000,1/1/2023,2023-01-01,2025-10-05 04:41:23.547224,data/lms_loan_daily.csv,2023-01-01
CUS_0xc144_2023_01_01,CUS_0xc144,1/1/2023,10,0,10000,0,0,0,10000,1/1/2023,2023-01-01,2025-10-05 04:41:23.547224,data/lms_loan_daily.csv,2023-01-01
CUS_0xc18b_2023_01_01,CUS_0xc18b,1/1/2023,10,0,10000,0,0,0,10000,1/1/2023,2023-01-01,2025-10-05 04:41:23.547224,data/lms_loan_daily.csv,2023-01-01
CUS_0xc1b3_2023_01_01,CUS_0xc1b3,1/1/2023,10,0,10000,0,0,0,10000,1/1/2023,2023-01-01,2025-10-05 04:41:23.547224,data/lms_loan_daily.csv,2023-01-01
CUS_0xc1b4_2023_01_01,CUS_0xc1b4,1/1/2023,10,0,10000,0,0,0,10000,1/1/2023,2023-01-01,2025-10-05 04:41:23.547224,data/lms_loan_daily.csv,2023-01-01
CUS_0xc1e7_2023_01_01,CUS_0xc1e7,1/1/2023,10,0,10000,0,0,0,10000,1/1/2023,2023-01-01,2025-10-05 04:41:23.547224,data/lms_loan_daily.csv,2023-01-01
CUS_0xc206_2023_01_01,CUS_0xc206,1/1/2023,10,0,10000,0,0,0,10000,1/1/2023,2023-01-01,2025-10-05 04:41:23.547224,data/lms_loan_daily.csv,2023-01-01
CUS_0xc254_2023_01_01,CUS_0xc254,1/1/2023,10,0,10000,0,0,0,10000,1/1/2023,2023-01-01,2025-10-05 04:41:23.547224,data/lms_loan_daily.csv,2023-01-01
CUS_0xc29e_2023_01_01,CUS_0xc29e,1/1/2023,10,0,10000,0,0,0,10000,1/1/2023,2023-01-01,2025-10-05 04:41:23.547224,data/lms_loan_daily.csv,2023-01-01
CUS_0xc2e2_2023_01_01,CUS_0xc2e2,1/1/2023,10,0,10000,0,0,0,10000,1/1/2023,2023-01-01,2025-10-05 04:41:23.547224,data/lms_loan_daily.csv,2023-01-01
CUS_0xc2ea_2023_01_01,CUS_0xc2ea,1/1/2023,10,0,10000,0,0,0,10000,1/1/2023,2023-01-01,2025-10-05 04:41:23.547224,data/lms_loan_daily.csv,2023-01-01
CUS_0xc2fd_2023_01_01,CUS_0xc2fd,1/1/2023,10,0,10000,0,0,0,10000,1/1/2023,2023-01-01,2025-10-05 04:41:23.547224,data/lms_loan_daily.csv,2023-01-01
CUS_0xc305_2023_01_01,CUS_0xc305,1/1/2023,10,0,10000,0,0,0,10000,1/1/2023,2023-01-01,2025-10-05 04:41:23.547224,data/lms_loan_daily.csv,2023-01-01
CUS_0xc38a_2023_01_01,CUS_0xc38a,1/1/2023,10,0,10000,0,0,0,10000,1/1/2023,2023-01-01,2025-10-05 04:41:23.547224,data/lms_loan_daily.csv,2023-01-01
CUS_0xc3aa_2023_01_01,CUS_0xc3aa,1/1/2023,10,0,10000,0,0,0,10000,1/1/2023,2023-01-01,2025-10-05 04:41:23.547224,data/lms_loan_daily.csv,2023-01-01
CUS_0xc3d0_2023_01_01,CUS_0xc3d0,1/1/2023,10,0,10000,0,0,0,10000,1/1/2023,2023-01-01,2025-10-05 04:41:23.547224,data/lms_loan_daily.csv,2023-01-01
CUS_0xc3ee_2023_01_01,CUS_0xc3ee,1/1/2023,10,0,10000,0,0,0,10000,1/1/2023,2023-01-01,2025-10-05 04:41:23.547224,data/lms_loan_daily.csv,2023-01-01
CUS_0xc465_2023_01_01,CUS_0xc465,1/1/2023,10,0,10000,0,0,0,10000,1/1/2023,2023-01-01,2025-10-05 04:41:23.547224,data/lms_loan_daily.csv,2023-01-01
CUS_0xc4c3_2023_01_01,CUS_0xc4c3,1/1/2023,10,0,10000,0,0,0,10000,1/1/2023,2023-01-01,2025-10-05 04:41:23.547224,data/lms_loan_daily.csv,2023-01-01
CUS_0xc5cb_2023_01_01,CUS_0xc5cb,1/1/2023,10,0,10000,0,0,0,10000,1/1/2023,2023-01-01,2025-10-05 04:41:23.547224,data/lms_loan_daily.csv,2023-01-01
CUS_0xc5e8_2023_01_01,CUS_0xc5e8,1/1/2023,10,0,10000,0,0,0,10000,1/1/2023,2023-01-01,2025-10-05 04:41:23.547224,data/lms_loan_daily.csv,2023-01-01
CUS_0xc60e_2023_01_01,CUS_0xc60e,1/1/2023,10,0,10000,0,0,0,10000,1/1/2023,2023-01-01,2025-10-05 04:41:23.547224,data/lms_loan_daily.csv,2023-01-01
CUS_0xc622_2023_01_01,CUS_0xc622,1/1/2023,10,0,10000,0,0,0,10000,1/1/2023,2023-01-01,2025-10-05 04:41:23.547224,data/lms_loan_daily.csv,2023-01-01
CUS_0xc63b_2023_01_01,CUS_0xc63b,1/1/2023,10,0,10000,0,0,0,10000,1/1/2023,2023-01-01,2025-10-05 04:41:23.547224,data/lms_loan_daily.csv,2023-01-01
CUS_0xc686_2023_01_01,CUS_0xc686,1/1/2023,10,0,10000,0,0,0,10000,1/1/2023,2023-01-01,2025-10-05 04:41:23.547224,data/lms_loan_daily.csv,2023-01-01
CUS_0xc712_2023_01_01,CUS_0xc712,1/1/2023,10,0,10000,0,0,0,10000,1/1/2023,2023-01-01,2025-10-05 04:41:23.547224,data/lms_loan_daily.csv,2023-01-01
CUS_0xc716_2023_01_01,CUS_0xc716,1/1/2023,10,0,10000,0,0,0,10000,1/1/2023,2023-01-01,2025-10-05 04:41:23.547224,data/lms_loan_daily.csv,2023-01-01
CUS_0xcf0_2023_01_01,CUS_0xcf0,1/1/2023,10,0,10000,0,0,0,10000,1/1/2023,2023-01-01,2025-10-05 04:41:23.547224,data/lms_loan_daily.csv,2023-01-01
CUS_0xd20_2023_01_01,CUS_0xd20,1/1/2023,10,0,10000,0,0,0,10000,1/1/2023,2023-01-01,2025-10-05 04:41:23.547224,data/lms_loan_daily.csv,2023-01-01
CUS_0xd6f_2023_01_01,CUS_0xd6f,1/1/2023,10,0,10000,0,0,0,10000,1/1/2023,2023-01-01,2025-10-05 04:41:23.547224,data/lms_loan_daily.csv,2023-01-01
CUS_0xd73_2023_01_01,CUS_0xd73,1/1/2023,10,0,10000,0,0,0,10000,1/1/2023,2023-01-01,2025-10-05 04:41:23.547224,data/lms_loan_daily.csv,2023-01-01
CUS_0xdd3_2023_01_01,CUS_0xdd3,1/1/2023,10,0,10000,0,0,0,10000,1/1/2023,2023-01-01,2025-10-05 04:41:23.547224,data/lms_loan_daily.csv,2023-01-01
CUS_0xdd8_2023_01_01,CUS_0xdd8,1/1/2023,10,0,10000,0,0,0,10000,1/1/2023,2023-01-01,2025-10-05 04:41:23.547224,data/lms_loan_daily.csv,2023-01-01
CUS_0xde2_2023_01_01,CUS_0xde2,1/1/2023,10,0,10000,0,0,0,10000,1/1/2023,2023-01-01,2025-10-05 04:41:23.547224,data/lms_loan_daily.csv,2023-01-01
CUS_0xdfb_2023_01_01,CUS_0xdfb,1/1/2023,10,0,10000,0,0,0,10000,1/1/2023,2023-01-01,2025-10-05 04:41:23.547224,data/lms_loan_daily.csv,2023-01-01
CUS_0xe28_2023_01_01,CUS_0xe28,1/1/2023,10,0,10000,0,0,0,10000,1/1/2023,2023-01-01,2025-10-05 04:41:23.547224,data/lms_loan_daily.csv,2023-01-01
CUS_0xe64_2023_01_01,CUS_0xe64,1/1/2023,10,0,10000,0,0,0,10000,1/1/2023,2023-01-01,2025-10-05 04:41:23.547224,data/lms_loan_daily.csv,2023-01-01
CUS_0xe84_2023_01_01,CUS_0xe84,1/1/2023,10,0,10000,0,0,0,10000,1/1/2023,2023-01-01,2025-10-05 04:41:23.547224,data/lms_loan_daily.csv,2023-01-01
CUS_0xe98_2023_01_01,CUS_0xe98,1/1/2023,10,0,10000,0,0,0,10000,1/1/2023,2023-01-01,2025-10-05 04:41:23.547224,data/lms_loan_daily.csv,2023-01-01
CUS_0xea6_2023_01_01,CUS_0xea6,1/1/2023,10,0,10000,0,0,0,10000,1/1/2023,2023-01-01,2025-10-05 04:41:23.547224,data/lms_loan_daily.csv,2023-01-01
CUS_0xed3_2023_01_01,CUS_0xed3,1/1/2023,10,0,10000,0,0,0,10000,1/1/2023,2023-01-01,2025-10-05 04:41:23.547224,data/lms_loan_daily.csv,2023-01-01
CUS_0xed8_2023_01_01,CUS_0xed8,1/1/2023,10,0,10000,0,0,0,10000,1/1/2023,2023-01-01,2025-10-05 04:41:23.547224,data/lms_loan_daily.csv,2023-01-01
CUS_0xfc9_2023_01_01,CUS_0xfc9,1/1/2023,10,0,10000,0,0,0,10000,1/1/2023,2023-01-01,2025-10-05 04:41:23.547224,data/lms_loan_daily.csv,2023-01-01
